tenure_months,age,monthly_charges,total_charges,num_support_calls,avg_gb_download,household_size,num_addon_services,late_payments_12m,contract_type,payment_method,has_online_security,has_tech_support,has_paperless_billing,churned
3,50,46.96,128.16,0,29.6,4,4,3,0,1,1,1,0,1
3,38,58.34,163.21,2,22.0,4,3,2,1,3,0,1,1,1
59,33,72.32,4217.6,1,35.7,1,1,0,2,0,1,0,1,1
71,26,54.16,3719.35,3,22.7,5,5,0,1,0,0,1,1,0
42,31,95.62,4114.23,2,28.5,5,6,1,1,3,0,0,0,0
51,44,85.24,4143.72,4,15.0,3,2,2,0,2,1,1,1,0
18,34,47.13,814.71,2,34.7,4,1,1,1,0,1,1,0,0
8,76,67.86,508.49,1,39.0,2,2,0,0,0,0,0,0,1
22,66,121.57,2720.74,2,18.5,3,2,1,0,3,1,1,1,1
7,21,100.57,696.23,2,34.7,5,4,0,1,2,0,0,0,0
44,55,111.56,5119.8,1,48.7,1,4,1,0,1,0,1,1,1
9,31,94.73,783.27,0,34.4,1,5,2,1,0,0,1,1,1
61,49,61.86,3479.34,3,16.6,2,2,2,0,1,1,1,1,1
4,57,77.92,321.89,1,31.1,4,3,2,0,0,0,1,1,1
22,23,63.15,1390.96,3,25.1,1,5,1,0,0,1,1,1,0
13,66,53.4,702.84,5,56.5,6,2,2,0,0,1,0,0,1
48,74,72.7,3307.75,2,26.3,2,0,0,0,2,0,0,0,1
27,69,94.7,2396.69,2,37.0,4,1,3,0,2,1,0,0,1
10,20,71.44,659.31,1,47.6,2,3,1,1,0,1,1,0,0
63,51,77.08,4518.65,0,68.3,1,6,0,2,3,1,0,0,0
72,44,67.03,4863.2,3,27.3,3,5,0,1,0,0,1,0,0
52,43,72.76,3501.51,3,40.0,2,6,3,0,0,1,0,1,1
64,23,62.67,3790.9,0,17.0,4,6,1,0,0,1,1,1,0
21,56,50.27,959.1,3,21.7,6,3,2,0,3,1,1,0,1
5,41,76.13,360.87,2,9.3,6,0,3,0,0,0,0,1,1
29,22,91.64,2639.87,3,13.5,3,2,1,0,0,0,1,1,0
2,77,33.29,60.26,1,18.5,6,5,1,0,3,1,0,1,1
66,33,47.63,2839.31,6,14.0,6,1,0,0,0,1,1,0,0
8,43,108.65,788.79,4,77.0,5,4,0,0,2,0,1,0,1
14,22,50.38,732.57,2,40.9,3,1,1,2,0,0,1,1,1
63,22,94.71,5503.15,5,30.5,1,5,0,2,2,0,0,1,1
54,47,84.72,4265.24,2,12.6,5,3,2,1,2,0,0,1,1
29,35,81.34,2150.46,2,27.5,2,6,1,0,3,0,0,1,0
5,24,71.05,372.33,2,48.4,2,1,0,1,1,0,0,1,1
15,25,81.36,1210.07,3,4.7,6,5,0,0,3,1,0,0,1
50,58,18.0,848.4,0,87.7,2,6,0,0,2,1,1,0,0
3,70,45.83,134.3,5,42.3,2,0,2,1,0,1,0,1,1
59,78,96.95,5577.11,3,18.9,2,3,0,1,2,0,0,1,0
50,62,62.0,3004.42,5,23.3,6,1,2,0,1,0,1,1,0
52,74,59.49,2881.13,2,10.8,4,1,0,0,0,0,1,0,0
28,34,78.59,2059.1,2,50.9,6,2,0,0,1,0,1,0,1
43,25,53.07,2244.47,2,8.1,1,5,2,2,1,0,0,0,0
22,71,55.62,1260.43,0,31.8,6,2,0,2,1,1,1,1,0
23,35,56.49,1197.07,3,113.8,4,1,0,0,0,1,0,1,1
3,72,39.8,109.01,2,38.7,3,6,0,0,1,1,0,1,1
41,63,80.39,3308.82,4,16.3,4,2,2,0,3,0,1,1,1
47,46,118.68,5152.03,0,20.7,6,4,0,0,2,0,1,0,1
4,77,41.49,152.24,4,59.8,5,3,2,0,0,0,0,1,1
9,51,73.38,653.14,4,24.3,1,6,2,0,3,0,1,1,1
6,18,29.85,178.49,0,49.4,4,0,2,1,0,1,0,0,1
69,45,56.27,3973.87,2,39.6,4,6,2,0,2,1,0,1,1
1,48,73.57,70.96,1,37.3,1,1,1,1,2,1,1,1,1
6,39,47.66,264.28,0,13.7,4,4,2,1,3,1,0,0,0
10,51,66.24,634.81,1,17.4,1,0,1,0,2,1,1,1,1
72,54,79.97,5560.22,4,63.5,3,2,2,0,2,0,1,0,0
22,38,56.6,1121.21,1,142.8,2,0,0,0,3,1,0,0,1
48,71,30.46,1334.79,2,47.0,2,3,0,0,1,0,0,1,0
19,25,61.38,1211.76,3,37.0,1,4,0,0,0,1,0,1,1
14,64,35.73,463.07,3,36.1,5,3,2,0,0,1,1,1,0
50,34,98.45,4480.91,3,35.4,4,4,1,1,2,0,0,1,1
20,29,79.37,1523.67,0,24.5,4,6,1,2,0,1,1,1,0
72,38,66.55,4992.15,2,55.0,5,6,0,0,1,0,1,0,0
58,73,60.83,3685.2,1,45.2,4,5,2,0,0,0,1,1,0
22,65,49.06,992.34,1,50.6,1,5,0,1,0,1,1,1,0
14,59,53.98,712.49,1,50.9,3,5,1,2,1,1,1,1,0
46,55,50.42,2392.32,4,44.7,4,6,2,0,3,1,0,1,0
57,20,106.13,5945.63,4,44.1,1,1,2,1,0,1,1,1,0
59,71,34.56,1920.2,4,14.3,4,0,0,0,1,1,0,1,0
48,24,96.61,4839.54,4,46.5,3,0,0,1,1,1,1,0,0
42,41,42.2,1712.24,1,42.7,2,1,3,2,0,0,1,0,0
48,49,69.43,3240.08,3,30.2,4,4,0,0,3,0,0,1,1
4,65,34.33,127.08,4,38.5,6,3,1,2,1,0,0,1,1
42,18,59.54,2377.55,4,40.2,2,4,0,1,3,0,0,1,1
30,50,59.94,1679.12,2,47.1,4,1,0,0,2,0,0,0,0
14,19,105.61,1400.94,1,12.1,6,5,1,0,0,1,0,0,1
69,54,81.83,5304.47,0,27.5,6,5,0,0,0,1,1,1,0
50,44,60.81,2885.09,2,46.7,4,3,1,1,1,0,1,0,1
48,52,63.93,3073.41,5,49.6,6,2,1,2,0,1,0,1,0
20,64,54.23,1108.65,3,34.5,6,6,1,0,1,0,0,0,1
43,64,97.97,3962.92,1,35.1,1,5,1,0,2,0,0,0,0
29,63,83.12,2315.42,3,17.0,6,6,1,2,0,0,1,0,0
30,80,34.23,968.64,1,20.7,1,1,0,2,1,1,0,1,0
67,19,32.09,2056.55,4,33.6,4,3,0,1,0,0,0,0,1
20,31,85.06,1550.82,3,26.3,6,2,1,0,2,0,1,1,1
8,48,50.28,389.59,2,57.6,4,2,2,0,1,0,0,0,1
70,39,73.44,5283.99,2,51.1,5,0,1,1,1,1,0,0,1
39,49,72.19,2709.01,5,45.7,4,2,0,0,0,0,0,0,0
32,26,67.08,2083.74,2,42.5,5,5,2,0,0,1,1,1,1
6,53,85.31,496.56,2,27.6,5,0,0,2,1,0,0,0,1
62,40,92.56,5676.0,0,55.4,5,0,1,0,3,1,0,0,0
68,57,77.28,5462.88,4,31.6,3,4,0,0,2,1,0,0,0
36,77,87.88,3052.7,1,26.4,6,4,0,1,2,0,0,0,1
20,56,69.76,1325.73,1,32.1,6,3,0,0,0,1,1,0,1
29,25,68.94,1892.77,0,50.0,2,3,0,0,3,0,0,0,0
27,74,61.57,1736.55,1,38.6,4,0,1,0,2,1,1,0,1
28,80,74.97,1955.43,2,33.4,6,3,0,0,3,0,1,1,0
21,49,37.54,796.38,1,22.4,3,5,0,0,0,0,1,0,0
50,27,78.69,3878.0,2,26.4,3,2,2,0,0,0,1,1,1
65,76,81.09,5011.2,0,38.1,6,6,1,0,2,0,1,0,0
13,26,64.79,857.28,3,29.2,5,5,1,2,0,1,1,1,0
30,53,55.03,1648.51,2,40.7,4,2,0,0,3,1,0,0,0
9,26,52.33,448.95,1,29.8,1,6,1,0,2,0,0,0,0
16,18,119.44,1762.31,1,35.8,2,3,0,0,2,1,1,1,1
34,26,80.7,2569.01,1,65.6,4,5,1,1,1,1,1,0,0
46,77,109.64,4963.47,2,79.5,5,4,1,2,1,0,0,1,1
61,78,88.65,5027.26,2,26.6,3,5,0,1,1,0,1,0,1
37,60,79.2,2931.9,2,45.2,4,0,0,1,2,0,0,0,0
38,38,18.0,711.57,3,12.7,4,6,0,1,3,0,1,1,0
38,45,67.01,2325.37,0,80.1,4,6,2,1,0,1,1,0,0
58,73,73.22,4431.98,5,48.8,2,2,0,1,2,0,0,0,0
7,41,83.36,586.46,5,64.7,3,1,1,1,0,0,0,1,1
68,24,72.53,4593.34,3,21.8,1,5,0,1,1,0,0,0,0
44,24,38.91,1640.18,1,54.7,5,2,0,1,2,1,0,1,0
3,33,130.15,353.67,2,61.2,6,6,2,0,3,1,1,0,1
61,50,56.72,3274.31,2,25.7,2,5,0,0,0,1,0,0,1
45,37,98.71,4104.76,1,28.5,3,4,0,0,1,1,0,1,1
47,66,90.83,4390.69,4,37.9,1,5,1,0,3,1,1,0,0
62,28,110.15,7053.74,3,17.4,6,1,1,1,2,0,0,0,1
39,66,79.13,3016.64,1,6.8,3,2,1,0,0,0,0,1,1
52,27,92.68,4495.87,4,13.8,3,2,0,0,2,1,1,1,0
63,22,73.24,4680.2,1,29.2,4,6,1,0,3,0,0,1,0
29,27,80.45,2199.98,5,7.6,6,4,0,1,1,1,1,0,1
21,61,64.7,1357.55,3,65.1,2,4,0,0,0,0,0,1,1
66,63,86.38,5560.84,3,26.8,6,6,2,2,2,0,0,0,0
11,41,79.1,851.72,2,25.1,1,3,0,1,2,1,1,0,0
69,27,90.81,5994.67,1,33.1,6,2,3,2,1,1,0,0,1
30,43,82.99,2424.32,1,28.5,3,0,4,0,3,1,1,1,1
32,67,53.8,1651.92,1,14.4,4,3,0,1,0,1,1,1,0
37,22,70.3,2678.53,1,59.6,4,5,1,0,1,1,1,1,0
57,55,69.35,3600.0,4,29.9,3,3,1,0,3,0,0,1,0
69,56,48.42,3503.07,2,76.9,5,5,3,0,2,1,1,0,0
39,62,49.29,1746.22,3,5.8,4,3,1,0,0,0,1,1,0
52,18,41.4,1939.34,3,21.7,4,6,0,1,1,0,1,0,0
19,39,74.9,1469.49,2,32.4,2,4,0,2,0,0,0,0,1
29,22,67.98,1978.0,2,21.3,5,0,3,0,1,0,0,0,1
4,56,109.24,393.9,2,22.4,3,0,0,0,1,1,1,0,1
20,46,57.16,1053.58,1,27.4,3,1,0,0,3,0,1,0,1
53,63,36.73,2033.22,1,104.4,5,1,2,0,3,0,0,0,0
32,46,87.43,2873.88,1,35.2,5,2,2,0,1,0,0,0,1
29,69,25.94,788.25,1,44.2,6,0,1,0,3,0,0,0,0
52,55,62.55,3393.72,4,25.7,5,5,1,0,1,1,0,0,1
27,66,79.74,2037.1,3,40.0,2,2,1,0,1,0,1,0,1
43,62,56.47,2246.51,3,24.6,2,5,0,0,2,1,0,0,0
60,27,102.68,5629.61,4,55.6,5,1,1,0,0,1,0,0,1
7,76,34.2,237.06,0,13.3,3,5,0,0,0,1,0,1,1
24,45,74.9,1782.69,3,38.5,2,2,1,1,3,0,0,1,1
28,61,68.19,1912.25,1,50.4,6,6,2,0,0,0,1,1,1
36,44,24.93,866.37,2,16.4,3,4,2,1,2,0,1,1,1
15,45,47.5,676.03,1,15.4,1,0,0,0,0,0,0,0,1
57,66,59.34,3346.51,2,28.0,5,5,0,2,0,1,1,1,0
36,29,60.29,2128.32,2,64.9,4,1,0,0,2,0,0,0,1
7,69,42.02,278.1,1,21.2,5,1,2,1,3,0,0,0,1
39,19,75.5,2850.15,3,68.2,3,4,0,1,0,0,1,1,1
14,57,79.08,1103.99,0,44.1,5,4,0,0,0,1,1,1,1
30,49,73.65,2285.06,0,27.9,2,6,1,0,1,1,1,0,0
40,25,102.2,3797.04,0,48.6,2,2,3,0,3,1,1,0,1
4,32,47.87,186.52,1,25.0,4,4,2,0,3,1,1,1,1
1,49,71.02,71.76,1,38.0,3,0,1,0,0,1,0,1,1
7,26,41.17,284.51,3,61.8,4,4,3,0,1,1,1,0,1
68,31,53.22,3715.03,2,33.4,4,2,1,1,0,0,1,0,0
39,73,76.98,3008.8,2,30.6,2,0,1,0,2,1,1,0,0
39,53,95.45,3455.21,2,30.8,4,2,0,0,2,0,1,0,1
61,62,69.83,4405.35,4,36.5,3,5,2,0,1,0,0,1,0
19,39,68.82,1241.15,1,20.9,2,2,0,0,2,1,1,0,1
23,42,74.33,1764.54,2,50.8,1,1,0,1,3,0,1,0,0
63,75,31.99,2089.44,2,15.2,5,3,2,0,2,0,1,0,0
45,41,28.76,1300.66,4,12.3,1,1,4,1,1,0,0,1,0
18,65,49.47,848.42,2,22.6,6,1,0,1,2,1,1,0,0
3,68,110.5,312.58,2,24.2,3,3,0,1,0,0,1,1,1
68,24,62.09,4048.56,1,26.1,3,0,0,1,0,0,1,1,0
36,25,25.28,850.32,2,19.6,1,0,2,1,2,1,0,0,1
31,44,75.71,2414.18,3,27.3,4,2,2,0,2,0,1,0,1
71,25,100.9,7003.67,1,78.0,2,1,0,2,1,1,0,0,0
58,57,81.9,4851.49,2,53.3,2,6,0,1,3,0,1,1,1
6,77,103.99,626.12,3,9.5,2,2,2,2,0,0,1,0,1
19,38,51.26,889.57,4,18.5,5,3,2,2,2,0,1,0,1
64,22,92.01,5509.73,2,44.3,5,0,0,1,0,1,1,0,1
19,44,114.56,2107.66,3,30.3,5,3,2,1,0,0,1,1,1
11,65,59.97,672.16,4,6.3,6,2,1,0,1,0,1,1,1
53,46,22.3,1235.26,3,26.6,3,1,3,0,1,0,0,0,1
6,65,48.93,272.32,1,30.5,6,3,2,0,0,1,1,0,1
61,51,88.88,5665.46,1,14.9,1,2,1,0,0,1,1,1,0
14,80,18.0,251.15,2,40.2,2,0,1,2,1,0,1,0,0
37,64,55.91,2054.91,6,37.7,3,0,0,2,1,0,0,1,1
23,57,74.62,1609.23,5,3.0,4,3,3,2,3,0,1,0,0
63,23,76.86,4615.32,2,28.7,6,4,1,2,0,0,0,0,0
1,56,77.89,81.68,4,51.6,3,6,1,1,0,0,0,0,1
21,51,53.97,1100.37,2,34.5,5,4,1,0,3,1,1,0,0
6,57,62.49,338.63,1,39.8,4,0,1,1,2,0,1,0,1
33,77,68.06,2096.19,4,45.4,3,0,0,1,1,0,0,0,1
36,76,75.02,2455.93,9,44.3,5,4,2,0,3,0,1,1,1
44,61,80.44,3662.64,1,41.3,2,6,2,2,2,1,1,0,0
63,29,35.9,2214.51,4,45.3,3,2,0,2,2,1,1,0,0
33,22,78.98,2542.39,1,22.3,3,6,1,1,1,0,1,1,0
12,26,50.75,608.48,3,41.1,4,1,2,0,1,1,0,0,1
19,80,71.89,1285.18,4,53.2,4,4,1,1,0,0,0,0,1
29,36,28.62,866.86,3,54.6,5,0,0,0,2,0,0,0,0
31,31,92.8,2890.3,3,9.5,4,5,3,1,1,0,1,1,0
65,18,63.48,4241.45,1,69.5,5,4,1,2,3,1,0,0,0
35,54,60.37,2193.88,0,16.5,3,1,2,0,3,1,0,1,0
42,22,84.11,3519.22,2,5.7,6,6,1,0,1,1,1,1,1
18,80,96.51,1722.89,7,21.6,5,3,3,0,0,1,0,0,1
40,59,50.77,1905.55,2,15.6,5,4,0,0,2,1,1,1,0
24,49,95.02,2105.22,1,20.7,5,2,1,0,1,0,0,1,1
55,30,98.05,5463.26,5,36.6,3,3,0,0,2,0,1,1,0
61,77,37.63,2206.02,2,91.6,4,6,0,2,3,1,0,1,0
6,78,103.54,588.57,1,13.0,1,1,1,1,0,0,0,0,1
57,56,102.35,5809.43,1,53.5,4,1,0,0,2,0,1,0,0
61,45,79.41,4807.76,4,63.4,3,5,0,0,1,1,1,0,1
31,34,87.88,2504.19,2,9.3,3,2,0,2,2,1,0,1,0
17,28,48.9,871.84,2,26.7,3,5,1,1,0,0,1,0,1
38,67,106.11,3731.52,0,32.5,6,6,2,0,0,1,1,0,1
53,69,49.45,2539.07,4,36.6,4,0,0,0,0,0,1,0,1
47,31,35.08,1527.05,3,10.4,3,5,1,1,1,0,0,0,0
62,21,97.09,5772.42,2,24.0,2,3,2,0,0,0,0,0,1
22,74,36.55,769.78,3,34.6,2,3,1,0,2,0,0,1,0
53,73,43.42,2299.91,2,111.8,1,3,3,1,1,0,0,0,0
69,32,24.36,1538.25,5,109.1,3,3,1,1,1,0,0,0,0
5,52,58.43,276.64,6,49.5,4,4,1,1,1,1,1,1,1
62,37,69.76,3948.86,2,40.7,6,5,0,0,3,0,1,1,0
55,45,64.09,3593.24,1,34.4,2,5,1,2,2,1,1,0,0
49,19,91.18,4112.93,2,65.4,1,2,1,1,0,0,1,1,1
37,53,78.97,3050.54,4,13.4,2,2,0,0,2,0,1,0,0
50,25,28.84,1398.15,5,32.0,1,3,1,0,1,1,1,1,1
21,27,77.62,1646.43,1,29.6,2,0,1,1,0,0,0,1,1
63,56,68.3,4286.68,2,29.7,6,4,1,0,0,0,0,0,0
33,41,23.04,744.22,1,21.0,1,0,0,2,0,0,1,0,0
16,64,41.98,640.15,1,30.9,6,6,2,2,3,0,1,1,0
68,53,66.88,4164.24,3,65.1,2,3,1,1,0,1,1,0,0
19,75,59.14,1122.0,2,34.2,4,6,2,1,0,1,0,0,0
10,72,42.31,399.06,0,25.3,5,1,0,2,2,1,0,0,0
5,79,118.68,586.98,4,69.9,4,5,0,0,1,0,1,0,1
28,77,74.14,2042.21,0,15.0,1,6,1,0,2,1,0,1,1
2,42,97.76,189.09,4,33.2,6,5,0,0,0,0,1,0,1
26,35,84.68,2095.62,0,29.3,1,1,2,0,1,1,1,0,1
9,50,89.15,819.93,6,40.6,5,4,0,0,0,1,0,0,1
53,80,97.98,4763.89,5,31.3,3,4,0,0,2,0,1,1,1
11,26,92.51,995.1,2,15.6,5,6,0,0,0,0,1,1,1
49,68,95.89,4842.14,5,48.1,4,1,0,0,3,1,1,1,0
2,58,75.73,157.39,3,18.1,5,6,0,1,1,1,1,0,1
30,26,99.13,2966.38,2,28.5,4,0,0,0,3,1,1,0,1
14,54,93.71,1186.33,1,19.2,6,6,1,0,1,1,0,1,0
63,31,73.99,4687.13,2,11.7,4,2,1,0,3,0,0,0,1
6,65,97.06,610.61,0,34.1,2,4,1,2,0,0,1,0,0
57,28,107.82,6314.3,1,40.8,4,1,1,0,3,1,0,0,1
18,33,74.58,1237.51,0,31.6,1,1,3,0,1,0,1,1,0
58,78,97.52,5170.96,0,43.5,5,3,0,0,0,1,0,0,1
6,33,95.35,596.93,1,27.5,5,4,0,0,2,0,1,1,0
44,45,18.0,718.94,4,50.1,6,1,1,1,0,1,1,0,0
56,26,65.47,3635.92,2,30.6,2,1,1,1,1,1,1,1,0
2,42,73.41,136.52,2,33.8,3,4,0,1,1,1,0,0,1
63,51,39.15,2239.41,0,18.5,4,4,0,0,1,1,0,0,0
23,46,90.4,2091.56,1,35.9,6,5,1,2,2,0,1,1,0
54,42,62.42,3072.32,3,43.1,2,1,1,0,1,1,0,1,1
14,62,56.99,746.38,2,18.3,5,4,1,0,0,0,0,0,1
67,33,117.68,8209.99,2,70.5,1,1,0,0,3,1,0,1,1
58,78,52.59,3012.7,1,18.3,3,5,0,0,3,0,1,1,0
27,35,82.65,2263.32,1,33.4,1,5,0,1,0,1,0,1,1
14,76,80.06,1158.79,4,43.7,1,6,0,1,0,0,0,1,0
30,48,69.07,2160.25,0,20.1,1,1,0,0,2,0,1,1,1
3,73,52.94,155.64,4,23.1,1,6,0,2,2,0,0,0,1
20,42,39.24,784.7,1,29.5,1,3,0,1,0,1,1,1,0
64,74,78.32,5024.5,2,37.6,3,1,3,1,1,1,1,1,0
51,24,45.95,2138.13,2,69.7,5,1,3,1,1,1,0,0,0
61,23,63.96,3730.27,1,50.2,3,6,1,1,0,1,1,1,1
2,59,85.91,161.5,1,20.6,5,3,3,0,0,0,0,0,1
68,55,64.37,4136.86,2,25.0,1,0,3,0,2,0,0,0,1
38,74,85.6,3041.77,1,14.1,3,0,2,1,2,0,0,0,0
1,66,68.74,67.39,4,19.1,3,0,0,1,0,1,1,0,1
11,73,99.75,1148.05,2,13.8,6,4,0,0,0,1,1,1,1
66,44,112.23,7315.46,2,31.2,6,0,1,0,0,1,1,0,0
27,68,51.28,1374.61,1,22.8,5,1,2,0,0,1,0,0,1
6,63,48.09,265.29,4,7.8,2,0,0,1,2,1,0,1,0
1,74,47.38,47.67,1,25.4,5,2,0,2,1,0,0,1,1
63,43,39.54,2432.58,3,13.4,5,6,3,2,3,0,1,1,0
28,51,89.99,2587.23,3,9.6,1,2,2,0,0,0,1,0,1
9,22,66.72,597.63,1,51.8,1,1,1,0,0,1,0,0,0
52,70,34.9,1660.76,3,15.6,4,2,0,1,0,1,0,1,0
66,23,91.39,5482.65,1,33.0,2,2,1,2,2,0,0,0,0
58,51,62.37,3544.26,3,24.0,2,2,2,1,2,1,1,0,0
40,21,36.77,1468.25,3,44.8,2,1,0,0,2,1,1,1,0
2,55,69.85,140.92,3,3.9,4,0,1,0,0,0,0,0,1
12,25,79.98,959.58,5,18.4,1,2,0,2,0,0,0,0,1
39,65,62.43,2370.27,1,21.4,1,3,1,0,0,0,0,1,0
40,35,54.48,1966.91,1,17.2,6,3,0,0,2,0,1,1,1
39,75,53.84,2015.63,2,12.2,5,3,1,0,3,1,0,0,1
72,34,79.84,5187.3,1,25.4,3,3,2,1,0,1,1,1,1
45,33,28.03,1216.75,3,37.0,3,3,0,1,1,0,1,0,1
46,30,92.55,3952.47,0,19.2,5,2,0,0,2,1,0,0,0
40,76,99.27,4086.68,1,42.2,3,1,1,1,2,1,0,1,0
12,48,80.67,977.85,2,17.4,4,0,1,1,1,0,0,1,1
36,71,39.23,1381.42,1,14.9,5,1,0,2,2,0,0,0,0
47,76,78.54,3357.41,3,23.3,5,4,3,0,0,1,1,1,1
59,67,60.49,3653.09,1,12.5,6,1,0,1,0,0,0,0,1
9,65,82.98,738.19,6,25.7,2,5,0,1,1,1,1,1,1
56,30,48.84,2601.21,5,49.1,2,4,1,1,3,0,1,1,0
47,52,51.02,2473.15,1,46.2,4,6,0,0,3,1,1,0,0
48,26,48.69,2126.46,3,21.8,1,0,1,0,0,1,0,0,0
38,50,45.61,1620.03,1,18.9,6,5,1,0,3,0,0,0,0
20,29,78.56,1641.79,1,44.5,5,4,1,0,1,0,1,1,1
61,34,55.81,3543.67,0,35.2,2,3,1,0,2,1,0,0,0
20,25,68.73,1297.09,2,27.5,6,5,0,0,3,0,1,0,1
53,53,82.32,4159.66,1,41.1,6,3,1,0,1,0,1,0,0
11,40,59.3,658.66,3,34.8,4,5,1,1,3,1,0,1,0
21,44,112.62,2323.46,0,26.4,6,5,1,1,3,0,1,0,0
51,72,109.84,5365.5,3,20.0,6,1,1,0,0,1,1,0,1
22,66,62.12,1249.14,1,49.2,4,6,2,2,2,1,1,1,1
27,26,92.65,2382.54,4,28.5,1,1,0,0,0,1,0,0,0
32,59,95.88,2922.64,2,52.7,2,2,1,2,1,0,1,0,0
49,31,80.83,4001.71,2,40.0,5,1,1,2,1,0,1,1,0
3,58,45.02,137.77,3,25.3,2,4,2,0,1,0,1,1,0
5,26,35.52,170.33,4,33.8,3,4,1,0,0,0,1,0,1
42,33,46.32,1828.05,0,58.4,3,3,2,1,3,0,1,1,0
61,74,50.72,3182.76,3,7.1,5,2,1,0,1,0,0,0,0
45,72,88.7,3799.84,1,17.1,4,5,1,0,2,0,1,1,0
9,30,48.94,441.59,4,53.1,4,3,0,1,1,0,0,0,1
2,35,61.89,118.96,5,39.1,5,4,2,2,1,1,0,1,1
17,27,63.95,1126.78,0,54.1,2,1,1,0,0,1,1,1,0
49,66,66.27,3174.49,4,51.5,5,6,1,0,0,0,0,1,0
17,42,86.79,1420.77,0,41.9,4,3,2,2,1,1,0,0,0
64,38,42.16,2573.88,1,47.6,5,3,1,0,2,1,0,1,0
21,71,108.99,2075.21,3,101.2,3,1,1,2,2,1,1,0,1
70,42,77.45,5410.11,3,33.4,2,1,1,1,0,0,1,0,0
27,71,30.3,819.34,1,33.7,5,1,2,0,1,0,1,1,1
40,33,107.84,4190.46,1,44.3,1,2,2,0,0,0,1,0,0
38,24,88.53,3199.43,0,22.0,5,0,0,0,3,1,0,1,1
10,56,75.67,712.63,1,82.5,3,1,1,1,1,1,0,0,1
28,18,140.0,3964.96,1,11.2,2,0,1,0,1,1,1,1,1
55,35,43.44,2445.05,2,7.5,2,0,0,1,1,1,1,0,0
72,23,62.16,4147.5,4,8.1,6,2,2,1,0,1,1,1,0
21,59,109.77,2258.06,3,13.8,1,4,1,0,0,0,0,0,1
22,52,42.79,856.26,0,20.5,5,4,1,0,2,1,0,0,0
18,42,78.06,1291.56,1,14.6,4,6,0,1,1,0,1,0,1
13,30,40.15,501.7,2,10.4,1,6,1,1,3,0,0,0,0
1,75,55.19,55.9,1,29.1,5,5,0,1,0,1,0,0,0
41,18,67.19,2492.1,4,33.4,6,5,0,0,3,1,0,0,1
47,68,80.02,3410.8,2,55.1,1,4,2,0,3,1,0,0,0
2,68,79.3,156.97,6,41.6,4,1,0,0,2,1,1,0,1
64,39,93.38,5721.16,2,32.3,5,5,2,0,2,0,1,1,1
64,74,90.68,5236.27,2,38.7,4,5,0,1,2,0,1,0,0
71,64,33.04,2420.69,3,36.4,2,4,0,1,0,0,1,1,0
13,75,94.94,1261.23,2,38.0,4,2,0,0,1,1,1,1,1
45,70,83.47,3422.42,3,24.9,3,6,0,1,3,0,1,1,0
72,22,66.92,4896.61,3,47.5,3,2,2,0,0,1,0,0,1
53,79,140.0,6968.89,2,27.1,5,5,2,0,3,0,1,1,1
70,22,136.88,9130.85,3,43.4,1,3,0,0,2,1,0,0,0
17,58,64.66,1100.0,4,52.1,3,0,1,1,0,1,1,0,1
57,58,67.37,3621.03,2,44.4,2,6,2,1,2,1,1,1,0
59,80,76.35,4307.25,2,14.6,3,1,0,2,1,1,0,0,0
49,19,77.94,3442.1,4,17.4,1,3,1,2,2,1,1,1,1
56,61,24.45,1416.78,6,29.1,5,1,1,0,1,1,1,1,0
28,49,60.27,1535.97,2,39.8,4,4,1,0,2,1,0,0,1
62,21,80.23,4980.06,2,20.3,1,2,1,0,0,1,1,1,0
27,39,46.38,1302.3,1,22.2,2,1,1,0,0,0,1,1,1
9,76,86.38,759.91,0,19.1,3,5,1,1,2,0,1,1,0
21,39,73.02,1456.05,2,14.9,3,6,0,0,3,0,1,0,1
9,80,40.9,339.48,0,32.2,6,2,2,0,1,1,0,0,1
45,58,97.31,4101.17,2,22.2,3,5,1,1,2,0,0,0,0
54,49,46.34,2517.33,5,62.7,1,2,0,1,1,1,0,1,1
44,30,90.24,3574.66,0,39.3,2,5,0,2,2,1,1,1,0
47,76,92.35,4293.97,2,29.8,1,5,1,0,0,0,0,0,0
36,51,83.2,3092.4,3,24.7,3,1,0,2,0,0,0,0,0
51,66,46.1,2330.52,3,21.7,6,2,1,0,0,0,1,1,0
54,57,96.84,4788.18,2,45.3,5,4,2,1,1,0,1,0,0
58,42,37.34,2124.27,1,16.4,1,2,1,0,0,0,1,0,0
41,74,116.85,4475.7,3,69.4,1,3,1,1,0,1,1,0,1
47,73,69.74,3441.34,2,19.0,3,4,1,1,0,1,1,0,0
56,46,100.97,5369.02,2,15.2,6,6,1,0,2,1,0,1,1
36,42,72.7,2399.54,2,50.1,4,6,0,0,0,0,1,0,0
56,20,94.4,5248.27,0,6.9,2,4,1,0,3,0,0,0,1
40,72,44.0,1844.88,3,12.8,3,3,1,1,2,0,0,1,1
23,58,140.0,3273.11,1,36.1,4,6,3,0,0,1,0,1,1
62,20,78.79,4901.96,1,35.8,6,1,1,1,2,1,1,0,1
52,35,97.07,4579.28,2,11.4,2,0,3,2,3,0,0,1,0
59,48,40.89,2370.26,1,31.2,5,2,2,1,0,1,1,1,0
67,32,67.27,4076.87,1,23.9,3,4,1,0,0,1,0,1,0
21,59,75.76,1636.07,3,6.1,1,3,2,1,2,1,1,1,0
23,29,64.95,1543.84,1,22.8,4,5,0,1,2,1,1,0,0
69,55,33.95,2279.99,2,61.0,5,6,1,0,2,0,1,0,0
24,31,91.2,2274.9,2,41.1,1,0,0,0,1,0,0,1,1
43,39,55.12,2201.6,3,40.4,5,4,1,0,0,0,1,0,0
48,35,73.72,3527.71,3,56.0,6,2,3,0,2,0,1,1,1
13,29,66.24,820.77,0,29.2,1,1,2,1,0,0,0,1,1
22,47,73.94,1552.06,3,8.4,4,3,0,1,3,0,0,0,1
47,46,79.22,3747.78,4,59.0,3,0,0,0,0,1,1,0,0
23,56,41.47,990.57,3,42.2,1,2,2,0,0,0,0,1,1
47,49,72.91,3396.14,1,59.6,2,3,1,2,3,0,1,1,0
61,71,75.14,4698.3,5,83.5,3,6,1,1,3,1,0,1,1
34,38,78.91,2653.63,4,19.2,1,4,0,0,1,1,0,0,0
62,77,46.52,2844.25,3,26.5,6,6,1,1,0,1,1,0,1
46,29,65.81,2771.21,2,40.3,4,3,1,1,3,0,0,1,0
33,48,133.48,4442.58,1,81.6,6,5,0,1,2,0,1,0,0
17,29,88.58,1561.09,3,19.2,4,2,1,0,3,0,0,0,1
19,80,91.59,1713.39,0,14.5,1,1,2,1,1,0,0,1,0
60,53,106.3,5750.47,2,20.0,2,0,1,2,1,0,0,1,0
65,48,62.69,3860.4,1,29.5,5,3,1,2,3,0,1,1,0
43,50,39.64,1674.85,1,50.3,1,4,0,0,1,1,0,1,0
43,71,55.44,2268.83,2,31.8,2,0,2,0,2,1,1,1,1
54,62,33.88,1701.88,1,39.0,6,2,3,1,2,0,0,0,0
56,75,26.4,1470.29,0,52.3,5,5,0,1,2,1,1,0,0
28,55,52.17,1337.56,0,7.3,6,0,2,0,1,1,1,0,1
51,58,53.2,2452.59,4,56.2,2,2,1,0,2,1,1,0,1
2,65,18.0,33.63,1,44.2,4,0,1,1,2,0,0,0,1
49,48,61.37,2768.63,1,74.9,5,6,1,0,3,1,1,1,0
63,64,58.2,3686.64,1,23.6,5,3,0,0,0,1,1,0,0
72,59,41.32,3026.82,4,23.3,5,3,0,1,0,1,1,0,0
14,27,97.78,1274.98,2,19.2,3,1,1,0,3,1,0,0,1
35,49,92.11,3357.25,3,20.5,6,5,3,1,3,1,0,0,1
21,63,69.57,1519.37,3,19.0,2,3,1,1,3,1,1,0,0
37,29,95.53,3238.97,2,82.7,4,5,1,2,1,0,1,0,0
2,32,101.66,191.66,2,35.4,6,2,0,2,0,1,0,0,1
61,39,56.72,3257.92,3,8.8,3,6,0,0,2,0,1,1,0
47,74,87.85,3811.53,7,46.6,2,5,1,2,0,1,0,0,0
56,69,50.59,2780.86,5,44.1,2,6,0,0,3,0,0,0,0
55,48,50.32,2813.32,1,30.3,2,3,5,0,0,0,1,1,0
72,34,70.34,5228.3,7,36.6,6,0,1,0,3,0,1,1,1
38,37,79.15,3005.97,2,33.6,1,2,1,0,3,0,1,1,1
11,71,105.97,1144.25,1,11.0,6,0,1,0,0,0,1,1,1
69,61,76.34,5514.04,0,43.5,4,2,1,1,3,1,1,1,0
70,44,70.35,4998.36,0,9.2,3,4,0,0,1,1,0,0,0
29,74,34.62,923.03,1,70.1,6,0,1,0,0,0,0,1,0
14,36,73.03,972.02,3,55.0,2,1,1,1,1,0,1,0,0
46,73,30.33,1412.1,2,20.2,4,0,0,1,1,1,1,1,0
44,65,70.34,3047.14,0,28.1,5,4,1,0,1,1,0,1,0
44,23,53.52,2471.5,4,60.9,1,3,1,1,1,1,0,1,1
51,46,87.79,4280.06,2,7.5,6,4,0,0,2,1,0,0,1
40,45,76.94,2939.07,3,14.0,6,2,4,2,3,0,0,0,0
15,75,84.37,1210.51,3,48.2,4,0,2,0,0,0,1,1,1
63,76,82.71,5249.45,5,43.9,2,2,2,0,0,1,0,1,0
30,70,68.09,2089.2,4,41.1,2,6,0,0,1,1,1,1,0
28,76,64.49,1872.65,2,64.9,2,0,1,2,3,1,1,1,0
44,39,83.89,3472.99,6,40.1,1,2,0,2,0,0,1,0,0
25,77,33.48,842.48,2,19.4,4,1,1,0,0,0,0,0,1
56,47,46.59,2711.89,1,19.3,1,4,3,0,0,0,0,0,0
19,53,85.93,1699.27,1,37.2,6,6,2,1,0,1,1,1,1
44,34,73.07,3025.9,1,60.0,1,0,0,0,3,0,1,1,0
69,54,112.08,6984.65,1,15.4,2,1,0,0,0,1,1,1,1
10,44,87.77,891.87,2,13.1,4,3,0,0,0,0,0,0,1
71,67,33.28,2168.77,1,59.9,6,2,0,1,1,0,1,0,0
3,34,46.84,126.6,2,16.5,4,3,0,1,0,0,0,1,1
17,58,47.98,847.58,5,10.6,3,3,1,2,2,1,0,0,1
39,63,76.62,2946.95,4,104.9,4,1,3,0,0,0,0,0,0
55,27,37.12,1878.27,8,43.7,6,1,0,0,3,1,1,1,0
16,30,29.78,458.33,2,27.2,3,1,1,0,1,1,1,1,1
23,49,50.09,1135.08,3,39.3,6,6,1,1,3,0,0,0,1
51,57,52.16,2535.94,3,38.7,6,2,0,0,1,0,1,0,0
25,39,115.2,2822.68,2,21.2,6,5,2,1,0,1,0,1,1
56,60,91.07,4729.82,1,7.9,6,5,1,2,2,1,0,0,0
48,70,19.61,927.27,2,22.8,4,2,3,0,0,0,0,0,1
18,32,37.78,647.94,2,22.7,2,5,0,0,1,1,1,1,0
61,33,134.79,7476.97,1,7.8,1,6,3,0,0,0,0,0,1
70,34,111.07,7005.23,1,15.1,6,5,1,0,0,0,1,1,0
54,62,54.88,3105.26,0,53.2,2,6,2,0,2,1,0,1,0
51,67,82.07,4262.25,4,12.1,3,0,2,2,0,0,1,1,0
25,35,74.73,1793.61,3,65.7,4,5,3,1,1,1,0,0,1
63,27,106.04,6342.19,2,21.3,1,5,1,1,2,0,1,1,0
17,64,89.28,1492.49,1,39.0,4,1,2,0,0,0,0,0,1
72,54,78.13,5395.54,2,63.8,1,2,2,0,1,0,0,1,1
54,31,113.02,6138.3,1,42.5,6,3,1,1,2,0,1,1,0
49,25,75.39,3682.97,2,43.8,6,0,1,2,0,1,1,0,1
46,70,72.9,3046.73,1,40.5,5,3,1,0,1,0,1,1,1
10,55,53.14,529.27,1,27.9,5,0,0,0,0,1,0,1,1
22,45,103.72,2111.12,4,119.5,4,6,0,1,1,0,0,1,1
51,69,67.59,3429.5,2,14.8,2,5,0,1,2,0,0,0,0
29,26,54.13,1559.17,1,73.0,5,1,1,0,3,1,1,0,0
20,21,96.36,1985.92,1,36.5,2,5,0,0,0,1,0,1,0
51,58,84.91,4232.72,3,57.0,4,0,0,2,2,1,0,1,0
30,25,56.66,1591.48,5,43.5,1,2,0,2,2,0,0,1,0
43,73,112.1,4907.34,1,46.3,4,0,0,0,1,1,1,0,0
46,42,51.16,2205.36,3,42.6,5,2,2,0,1,1,1,1,1
6,70,68.07,378.09,3,52.0,6,6,1,1,0,1,0,0,0
70,44,67.93,4578.3,1,45.3,1,6,1,1,0,1,1,0,0
7,61,115.4,836.09,1,22.1,3,1,0,0,2,0,0,1,1
3,34,103.46,289.75,2,30.6,5,5,0,0,2,0,0,0,1
22,22,35.09,806.25,0,18.8,2,6,1,0,3,0,0,0,1
51,41,39.46,2093.21,2,28.4,4,4,0,1,1,1,0,1,0
58,59,99.14,5176.52,2,50.4,2,6,1,0,0,1,0,1,0
42,36,91.99,3871.35,4,11.0,3,2,1,0,2,1,0,0,1
24,36,56.9,1298.86,1,48.0,2,6,1,1,2,1,1,1,0
63,60,57.03,3757.75,3,45.1,3,3,0,0,0,1,1,1,0
52,69,91.16,4328.73,2,44.8,6,6,1,0,3,0,1,0,1
69,24,100.01,7175.71,1,27.0,6,2,1,2,3,0,1,0,0
66,77,72.41,4890.89,1,7.4,6,2,3,2,1,0,1,1,0
10,52,101.74,1024.2,3,17.8,2,3,2,2,1,0,0,1,0
18,55,82.46,1513.72,4,66.9,1,0,1,0,1,0,1,0,1
8,62,99.18,720.24,3,21.1,3,2,2,1,0,0,1,0,1
61,41,55.62,3540.73,5,20.5,2,4,1,0,0,0,0,1,0
9,55,72.36,608.32,5,20.2,6,3,0,0,3,0,1,0,1
39,34,69.67,2483.55,1,54.9,6,4,0,1,2,1,0,0,0
65,20,84.49,5250.99,3,17.3,4,2,1,2,0,1,0,0,0
18,62,71.96,1253.39,2,26.2,1,0,4,2,0,1,1,1,1
29,79,48.81,1351.23,2,33.6,5,0,2,2,0,0,0,1,0
55,21,119.38,6734.38,0,27.2,3,2,0,2,3,0,1,1,1
15,40,58.13,822.73,1,68.5,4,5,0,2,3,1,1,0,0
6,44,82.92,479.88,3,55.4,3,0,0,0,0,0,0,0,1
52,60,88.55,4439.92,4,52.0,1,6,1,2,2,1,0,1,0
38,55,86.21,3257.37,2,62.8,3,4,1,1,2,1,0,0,1
62,55,103.64,6054.61,2,6.4,1,3,2,0,0,1,0,1,1
64,39,90.51,5805.26,2,24.7,3,0,0,0,3,1,0,1,0
19,31,62.57,1167.35,4,35.7,6,5,0,1,2,1,1,0,0
69,38,18.82,1216.17,4,29.3,5,1,0,1,3,0,1,0,0
11,44,122.05,1344.7,1,38.6,3,6,3,2,3,1,1,1,0
9,37,56.93,468.76,5,35.3,2,0,1,1,1,0,1,0,1
13,36,65.28,765.39,1,36.0,3,0,2,1,1,1,0,0,1
63,47,78.41,4586.13,0,34.8,2,6,1,1,0,0,0,1,0
64,40,93.03,5524.5,1,6.8,1,1,1,0,0,1,1,0,0
67,50,77.13,5321.83,1,31.6,5,3,0,0,0,1,0,1,0
17,76,90.66,1484.1,5,23.2,2,1,0,1,3,0,0,0,1
36,32,84.59,2977.1,2,19.7,3,4,1,1,2,0,1,0,0
13,74,56.31,685.28,2,32.6,6,1,3,2,2,0,1,1,1
57,75,60.78,3166.05,2,26.5,4,1,0,0,1,1,0,0,0
62,57,117.05,7613.21,3,14.3,1,1,1,1,0,1,0,0,0
4,29,32.55,128.79,2,82.3,6,1,4,0,1,0,1,1,1
50,34,80.53,4119.81,2,27.2,1,4,1,1,1,1,1,1,1
45,43,71.32,3101.5,2,41.5,3,0,0,2,1,1,1,1,1
27,38,85.12,2328.85,2,41.8,5,5,0,0,3,0,0,0,0
60,79,60.86,3526.12,4,20.4,1,5,0,0,0,1,1,1,0
42,36,58.28,2563.89,3,46.8,4,0,1,0,2,0,0,1,0
63,31,45.67,2999.56,2,16.9,3,4,2,0,0,0,1,1,0
13,36,95.4,1163.64,3,81.5,1,6,2,1,1,0,1,0,1
36,42,78.32,2554.19,1,28.8,5,1,4,2,0,0,0,0,1
19,44,92.38,1780.88,2,36.1,6,0,2,0,3,0,0,1,1
47,66,113.29,4997.64,3,22.9,6,6,1,2,2,1,1,1,0
30,27,67.91,2092.49,1,20.0,4,3,0,2,2,0,0,1,1
21,54,76.78,1498.16,4,43.3,2,1,1,2,0,1,1,0,0
69,75,86.08,5629.97,1,24.4,4,5,0,0,2,1,1,0,0
63,59,64.82,4221.39,2,15.4,5,2,0,1,1,0,1,0,0
14,57,88.04,1241.8,2,15.6,4,6,2,0,0,1,0,0,1
27,63,52.88,1296.45,1,35.8,1,4,1,0,0,1,1,0,1
68,23,21.37,1507.29,1,20.4,4,4,0,0,3,0,0,0,0
21,18,44.39,891.04,0,77.4,6,2,0,0,0,1,0,0,0
28,38,85.29,2277.2,1,33.1,6,2,3,1,2,0,0,1,0
51,32,56.68,2799.58,0,50.5,1,5,1,2,3,0,1,0,0
15,60,68.95,974.53,2,21.0,5,4,5,0,2,0,1,0,1
64,58,82.29,4863.68,1,29.4,6,2,2,0,3,1,0,0,1
55,66,32.18,1715.95,3,55.5,5,3,0,1,3,1,0,0,0
53,37,88.77,4627.81,2,39.0,5,6,1,2,1,0,1,0,0
61,41,91.03,5558.78,1,28.7,1,1,0,2,3,0,0,0,0
44,34,64.1,2806.13,4,23.6,1,2,2,2,1,0,0,1,0
50,23,126.19,6554.71,3,9.3,3,1,1,0,0,0,1,1,0
33,31,111.7,3406.47,1,34.6,4,6,0,0,1,1,1,0,0
33,40,27.03,808.49,0,36.4,1,3,1,0,3,1,0,0,0
19,51,90.08,1702.46,1,29.9,3,4,0,1,1,0,1,0,1
22,23,47.02,1063.79,0,14.7,4,2,0,2,2,1,1,1,0
66,80,32.54,2009.22,2,43.7,2,5,2,2,1,1,1,0,0
23,80,65.31,1390.08,3,53.1,3,2,1,2,0,0,0,0,1
40,42,70.11,2703.01,5,25.3,6,6,1,0,2,1,1,0,1
21,74,65.5,1286.56,5,53.3,4,0,0,0,0,0,0,1,0
67,54,68.49,4622.59,1,59.3,5,0,1,0,0,0,0,0,0
17,49,120.78,1850.52,3,68.5,5,1,1,1,0,0,0,0,1
35,60,36.71,1196.49,1,67.4,4,6,0,0,0,1,1,0,0
40,40,38.82,1625.0,4,31.2,1,5,0,2,3,0,0,0,1
24,71,76.19,1866.08,5,86.3,3,3,1,0,3,0,1,1,0
5,61,69.26,311.93,3,62.7,2,6,0,2,1,0,0,1,0
55,49,52.68,2811.96,3,70.2,2,1,0,0,0,0,0,1,0
59,48,53.38,2941.94,2,63.1,3,2,3,2,0,0,1,0,0
54,55,62.34,3358.08,4,15.4,2,5,1,0,0,1,1,0,0
57,34,59.61,3286.88,3,78.7,5,5,0,0,3,1,1,1,1
33,63,69.28,2178.09,0,37.8,6,3,2,2,1,0,0,1,0
2,44,48.88,93.37,3,41.4,1,4,0,1,0,0,1,1,1
27,73,56.96,1455.03,2,57.2,6,4,0,2,2,1,0,1,0
19,28,94.62,1729.38,1,50.6,6,4,0,0,1,1,0,0,1
42,74,119.83,4687.98,1,70.0,3,3,3,0,0,1,1,0,0
54,31,60.9,3125.3,2,3.9,3,0,1,0,2,0,0,0,0
56,21,69.27,3642.68,3,48.7,1,0,1,0,2,0,1,1,0
16,36,74.77,1118.3,4,43.7,2,5,0,0,1,1,1,0,0
67,69,70.1,4548.05,2,35.4,4,4,1,0,0,1,0,0,0
53,37,38.42,2018.6,2,31.4,1,1,0,1,3,0,0,1,0
71,69,90.63,6667.0,0,19.5,1,3,1,2,1,1,0,1,0
24,49,70.37,1617.01,2,10.7,6,4,2,0,2,1,0,1,1
23,61,58.17,1258.26,1,11.4,5,4,0,1,0,0,0,0,1
60,65,60.02,3341.67,3,11.7,5,1,1,0,2,0,0,0,1
40,66,51.38,1929.01,4,27.9,1,1,4,2,0,1,0,1,1
29,72,85.68,2467.35,3,9.2,5,5,2,0,0,0,0,0,1
15,49,132.03,1936.39,3,43.8,2,3,2,0,0,1,1,1,1
47,18,84.3,3937.95,1,23.0,4,1,0,0,1,0,1,1,1
48,36,112.7,5019.43,0,32.0,6,2,2,0,2,0,1,1,1
4,32,61.42,233.21,3,29.8,3,0,0,1,1,1,1,1,1
17,37,81.66,1389.78,2,20.7,3,6,0,1,2,0,0,0,1
69,72,61.59,4227.92,3,13.1,1,3,2,1,1,1,0,0,0
55,79,82.25,4367.23,2,31.3,1,5,1,1,0,0,0,1,1
10,19,100.81,910.19,0,44.7,4,4,0,2,0,1,1,1,0
49,51,47.86,2286.68,2,21.4,6,6,1,2,0,1,0,0,0
2,62,49.52,91.97,1,27.1,4,0,0,0,1,0,1,1,1
9,18,64.41,537.29,1,24.0,6,0,1,2,1,1,0,0,1
38,80,85.02,3290.11,2,14.9,5,2,1,0,1,1,1,1,0
5,54,100.91,497.94,3,35.5,6,4,0,1,1,1,0,0,0
42,38,97.28,4256.47,2,24.9,1,0,0,0,1,1,1,1,1
10,23,61.95,606.32,3,14.2,4,6,1,0,0,1,0,0,1
69,33,63.59,4399.0,1,21.4,3,0,1,0,3,1,1,0,0
57,62,109.74,5684.93,1,19.3,6,5,1,0,0,1,1,0,1
22,51,70.42,1595.29,2,63.6,5,6,1,1,3,1,1,0,1
20,42,39.21,711.79,3,46.7,2,2,1,0,1,0,0,0,1
5,35,93.41,465.55,2,15.8,3,1,0,1,0,1,0,0,1
12,59,42.91,497.79,3,61.7,6,6,0,0,1,1,0,0,1
27,36,84.36,2156.69,1,21.8,5,5,0,1,3,0,0,0,1
7,34,71.06,467.73,1,26.8,3,0,3,1,2,1,1,1,1
59,20,74.68,4226.61,2,35.8,3,6,0,0,0,0,0,0,0
63,75,109.93,6879.95,1,70.8,4,2,0,0,2,1,1,0,0
58,56,99.75,5628.85,2,22.7,3,1,1,0,0,0,0,0,0
6,29,78.89,457.01,2,54.4,4,1,0,1,2,0,1,1,1
53,58,65.39,3477.52,3,29.1,3,6,1,2,0,1,0,0,0
55,22,78.09,3963.62,3,22.9,4,0,1,0,2,1,0,0,1
65,27,85.3,5713.52,2,41.9,1,0,1,0,1,0,0,0,0
57,76,67.28,3740.44,3,41.8,6,5,0,0,0,0,0,0,0
42,24,82.97,3476.73,2,55.0,3,0,0,2,2,0,0,0,0
51,44,92.96,4489.16,1,33.6,3,6,1,1,2,0,0,1,1
64,78,95.67,6309.79,0,25.0,1,1,1,1,1,0,1,1,0
32,58,94.9,2927.15,4,15.3,2,6,3,0,1,0,1,0,1
56,45,69.8,3767.53,4,88.2,4,0,0,0,0,0,1,0,0
18,39,81.94,1531.67,1,8.5,6,1,0,0,0,1,0,0,1
13,66,53.58,658.49,3,31.9,4,3,2,0,3,0,1,0,1
28,39,107.88,2906.18,2,38.7,2,0,2,2,0,0,1,1,1
40,30,76.41,3159.92,1,21.1,5,4,0,0,1,1,1,0,1
18,72,79.56,1424.26,4,14.2,4,5,1,2,3,0,1,1,0
38,37,103.94,4144.42,4,22.7,4,4,0,2,0,0,1,0,0
37,41,58.62,2251.05,1,13.5,2,3,1,0,0,1,1,1,1
31,50,66.43,2103.87,2,28.0,2,6,0,2,0,1,0,1,1
47,61,99.81,4782.27,1,58.3,3,4,0,0,0,0,0,0,1
34,53,60.02,1863.54,2,20.7,3,1,1,0,3,0,0,0,1
3,80,49.07,153.79,1,45.8,4,0,0,2,0,1,1,0,1
17,28,46.4,716.71,1,34.0,3,3,0,1,1,0,0,1,0
33,59,84.14,2625.34,1,37.5,3,2,1,0,2,0,0,1,1
21,65,66.83,1278.93,1,69.6,5,6,0,0,2,1,1,0,1
45,73,91.86,3901.92,6,99.2,6,1,0,2,2,1,1,1,0
61,28,18.6,1099.52,0,50.8,5,6,1,0,3,1,0,0,0
37,77,45.94,1721.5,2,21.1,3,2,1,0,1,1,0,1,1
30,61,116.62,3410.15,2,55.4,4,1,1,0,0,0,1,0,1
5,23,77.7,368.7,2,28.6,5,4,0,0,2,0,0,0,1
31,73,101.37,3073.94,2,41.2,6,1,2,0,0,1,0,0,0
10,55,87.88,798.94,3,51.6,1,2,0,2,2,0,1,0,1
51,41,86.68,4390.3,0,34.1,4,3,0,2,1,1,1,1,0
30,71,56.14,1599.66,0,27.8,4,0,0,1,0,0,0,1,0
49,32,67.1,3413.31,2,75.6,2,5,4,2,0,1,1,0,0
30,49,82.76,2448.9,3,45.4,1,2,1,0,2,0,0,0,1
64,30,86.76,5361.88,0,67.7,1,2,0,1,2,0,1,0,0
70,27,68.28,4310.75,2,25.4,6,6,1,0,3,1,1,0,0
49,50,30.43,1399.93,3,36.3,2,5,0,2,3,1,1,0,0
41,37,85.41,3395.03,5,21.4,1,1,1,1,0,0,1,1,0
11,59,79.69,807.56,4,17.8,2,3,2,1,1,1,0,1,1
70,42,44.02,3122.12,0,46.7,6,6,2,1,0,0,1,1,0
38,80,102.38,3554.04,3,17.3,1,6,0,0,2,0,1,1,0
3,39,67.08,209.5,2,2.5,2,6,0,1,1,1,1,0,1
68,32,64.17,4080.09,2,44.1,2,4,0,0,2,0,0,0,0
3,68,69.47,207.31,2,74.7,5,1,0,0,3,1,0,0,0
65,43,31.65,2010.09,1,45.0,5,4,0,0,0,0,0,1,0
27,75,110.48,3117.71,1,19.2,4,5,0,2,2,1,0,0,0
22,26,75.6,1685.31,0,28.4,2,5,2,2,1,0,0,1,0
9,59,46.03,405.27,0,17.0,4,5,1,2,3,0,1,1,1
18,41,78.1,1296.64,2,78.3,1,4,1,0,2,1,0,0,1
47,37,18.0,810.28,3,15.0,6,5,0,0,0,1,0,0,1
33,77,51.9,1766.78,0,37.3,6,5,1,0,2,0,0,0,1
54,26,93.96,4991.85,0,12.8,5,5,4,0,3,0,0,1,0
60,22,42.59,2473.56,2,23.7,1,0,1,1,1,0,1,0,0
68,65,102.91,6931.22,2,59.4,6,3,1,0,2,0,1,0,0
69,53,59.83,3906.55,0,28.9,2,6,2,2,0,0,1,1,0
71,56,20.26,1422.15,0,25.7,6,6,0,0,0,1,0,1,0
47,43,55.46,2735.81,1,13.9,5,6,1,0,0,0,1,0,1
6,43,85.36,503.93,1,23.1,5,4,2,1,0,0,0,1,0
22,37,90.81,1806.49,2,11.5,6,0,2,0,0,1,0,0,1
24,32,68.99,1581.06,2,43.3,2,5,1,2,2,0,0,1,0
14,44,68.83,905.43,0,44.7,4,1,0,0,0,1,0,0,1
2,71,72.95,150.64,3,92.9,3,5,0,1,3,1,0,0,0
27,48,56.38,1439.14,0,32.7,1,4,1,0,0,1,0,0,0
1,62,73.04,74.53,6,20.8,2,1,0,0,0,0,0,1,1
61,58,40.23,2347.28,2,31.6,6,0,1,0,2,0,0,0,0
23,59,58.59,1323.32,3,92.5,6,4,1,2,2,1,0,1,1
3,44,31.57,85.46,0,45.8,2,6,2,0,2,1,0,1,0
28,41,97.43,2567.63,1,21.7,4,2,1,1,3,1,0,0,1
33,43,63.89,1941.08,2,65.3,2,3,0,0,0,1,1,1,1
47,57,87.06,3689.95,1,60.6,2,5,1,1,0,1,1,1,0
71,23,83.17,5575.59,4,32.2,3,5,0,2,3,0,1,1,0
26,58,115.18,2825.55,2,15.7,5,0,2,0,0,1,1,1,1
7,33,94.08,639.85,1,32.9,2,5,0,0,0,1,1,0,1
2,57,101.68,192.21,1,35.9,5,4,0,1,2,0,1,0,1
3,71,57.76,160.39,3,40.8,3,3,1,0,0,1,1,1,1
17,32,65.51,1068.23,0,18.7,5,2,0,0,0,1,0,1,0
57,26,80.06,4782.49,1,57.1,2,4,2,0,1,0,0,0,0
48,42,78.18,3812.8,1,35.4,6,0,2,0,1,0,0,0,1
40,67,18.0,716.22,1,62.5,3,6,1,0,3,0,0,1,0
3,49,44.48,135.58,7,37.2,3,4,1,0,1,1,1,0,1
19,79,30.25,593.42,0,55.4,6,3,0,0,0,1,1,0,1
65,63,65.17,3843.74,0,24.4,4,3,2,2,1,0,0,0,0
35,50,30.68,1072.48,1,37.5,4,4,1,0,0,0,0,0,1
71,42,99.82,6431.33,1,47.8,4,6,2,0,1,1,1,0,0
61,60,79.16,4844.72,3,46.8,6,0,0,2,0,0,0,0,0
63,75,56.64,3497.36,1,19.4,5,2,1,1,1,0,0,0,0
49,79,72.77,3370.8,1,29.8,5,6,0,1,0,1,1,1,0
71,24,62.01,4577.17,3,24.6,6,6,0,2,1,0,0,1,0
8,66,95.0,699.58,2,86.0,1,6,0,1,0,1,1,1,1
24,54,57.49,1404.76,0,37.2,5,0,1,0,2,1,1,1,1
49,20,71.03,3532.48,0,11.4,3,1,3,0,2,1,1,1,0
26,23,62.23,1467.91,1,22.9,4,3,2,0,1,1,0,0,1
70,36,58.22,3944.29,4,29.7,4,6,2,0,3,0,1,0,1
56,33,56.65,3005.55,2,41.6,2,3,1,1,1,1,1,0,0
38,52,123.8,4464.99,3,30.8,5,2,1,0,3,0,1,1,0
26,77,71.06,1851.09,2,5.8,6,4,0,0,0,0,0,0,1
27,38,73.87,1844.45,1,64.4,2,0,0,1,0,0,1,0,0
61,68,84.85,4994.28,0,26.3,2,2,3,2,1,0,0,0,1
56,67,58.87,3138.32,0,20.0,2,0,3,0,0,1,0,1,1
34,36,82.35,2533.19,4,19.6,1,1,1,1,0,0,0,0,1
2,29,22.63,41.58,4,45.1,1,3,2,0,0,0,0,1,1
64,76,106.83,6770.2,2,34.5,3,1,0,2,1,0,0,0,0
7,19,65.55,478.78,5,48.3,4,3,2,0,2,1,0,0,1
34,66,59.84,1970.1,2,30.3,3,5,1,1,2,1,0,0,1
38,66,72.24,2601.6,0,29.2,6,5,2,0,3,1,1,0,0
29,70,86.45,2277.81,4,18.2,4,6,1,0,3,1,1,1,1
15,73,120.48,1856.15,1,25.7,5,1,0,1,0,0,0,0,1
53,36,74.09,3878.93,2,32.8,4,3,1,2,0,0,0,0,0
69,77,72.13,5170.78,3,26.2,1,3,0,0,1,0,1,1,0
44,35,93.53,3958.03,2,11.4,5,1,0,0,1,1,0,1,1
50,48,47.58,2180.06,2,72.8,3,3,0,0,3,0,1,1,1
53,34,18.0,970.76,2,11.3,2,4,0,2,2,1,1,1,0
34,80,23.65,760.62,0,74.3,5,5,1,2,1,1,0,1,0
66,24,68.43,4087.18,0,11.5,2,0,0,2,1,0,0,0,0
36,60,73.1,2676.14,2,35.4,4,6,0,0,0,1,0,0,1
70,36,53.16,3696.78,2,61.3,2,6,2,0,3,1,0,0,0
20,36,79.0,1520.52,0,32.2,4,1,1,0,1,0,0,1,1
42,38,46.11,1916.71,2,57.9,5,0,0,2,3,0,1,1,0
39,71,63.09,2329.89,0,33.2,6,3,2,1,0,1,1,1,0
36,40,56.95,2043.78,3,13.1,2,0,1,0,0,1,0,0,0
11,44,84.99,889.63,2,15.0,2,2,1,0,0,1,1,1,1
55,34,56.0,2869.87,4,60.6,1,1,0,2,2,0,0,1,0
72,55,41.74,2786.69,2,47.5,2,3,0,2,2,0,0,0,0
17,43,45.52,746.21,3,37.1,2,5,1,0,2,0,0,0,1
10,41,85.74,887.34,1,18.2,1,3,1,0,2,0,1,1,1
64,48,93.94,5963.2,6,33.8,2,4,3,2,1,0,0,0,1
2,54,48.15,89.15,1,35.0,3,3,2,1,3,1,1,1,1
13,64,65.43,871.9,2,37.6,3,4,2,1,1,0,0,0,1
62,48,39.02,2347.54,3,19.7,1,4,1,2,0,1,1,0,0
53,29,37.23,2036.34,1,18.0,3,2,1,0,0,0,1,1,0
18,69,83.95,1565.27,1,28.9,1,3,0,1,0,1,1,1,0
24,20,68.48,1601.93,3,53.2,2,4,1,2,2,1,0,1,0
63,45,18.0,1109.8,4,30.5,1,2,0,2,2,1,0,0,0
70,79,50.73,3205.33,1,44.2,1,2,0,0,0,0,1,1,0
50,77,50.39,2272.91,3,20.5,6,1,0,0,3,1,1,0,0
16,56,87.14,1308.11,4,4.9,2,4,0,1,1,0,1,1,1
56,22,79.72,4045.86,1,32.5,2,2,2,0,1,1,1,1,0
63,40,49.3,3187.21,2,6.2,2,2,2,1,0,0,0,0,1
7,70,79.78,548.06,2,29.3,1,4,1,0,2,0,0,0,1
56,79,99.23,5166.91,3,49.4,4,6,1,0,2,0,0,1,0
23,56,66.42,1400.21,5,17.4,4,0,1,2,1,1,0,1,1
16,50,57.21,957.59,4,52.7,4,0,0,0,0,1,1,1,1
39,76,119.7,4468.86,3,21.4,1,3,0,0,0,0,1,0,0
27,73,103.21,2756.19,1,21.7,6,5,1,1,0,0,1,1,0
12,53,55.64,611.6,3,18.7,3,1,0,2,3,1,0,0,1
21,50,126.35,2396.14,2,50.1,5,0,1,0,0,1,0,0,0
15,52,32.23,439.43,0,26.1,1,0,1,2,1,0,1,0,0
40,34,91.75,3424.07,1,29.4,5,6,1,0,2,1,0,0,0
10,48,53.19,537.57,2,83.2,1,5,1,0,2,1,0,0,0
35,32,53.71,1950.01,1,45.2,5,5,0,2,3,1,0,1,0
14,29,118.69,1714.2,1,17.1,2,3,2,0,0,1,1,0,1
13,42,60.2,795.67,3,37.3,6,3,2,0,2,0,0,1,1
40,58,67.38,2603.5,5,32.1,5,4,2,0,0,1,0,1,0
55,74,88.88,4526.38,3,4.5,2,1,1,1,1,0,0,0,0
43,51,24.42,994.28,1,47.4,1,0,2,0,0,0,1,1,1
29,62,99.96,2822.09,3,36.2,1,6,1,0,1,0,0,1,1
30,20,30.93,953.41,0,14.5,4,2,1,0,3,1,0,1,0
62,38,99.59,6020.15,1,26.1,6,6,1,2,3,1,0,1,0
23,23,47.21,1081.97,0,55.2,6,5,0,0,2,0,0,0,0
2,23,48.67,96.82,2,58.0,2,0,0,0,3,1,1,0,1
47,64,48.28,2084.7,3,8.2,2,4,1,0,0,0,1,0,0
54,45,47.78,2533.41,1,8.4,6,1,2,0,2,1,0,0,1
4,38,59.99,249.66,2,53.9,2,2,1,2,2,1,1,1,0
62,49,26.83,1691.11,0,51.4,5,4,1,0,1,1,0,1,0
52,47,45.06,2358.19,3,28.8,4,4,0,2,1,1,1,0,0
1,46,55.99,53.37,1,25.7,4,1,0,0,1,1,0,0,1
59,29,104.99,5608.29,3,34.2,4,5,1,1,0,1,0,1,0
71,46,66.72,4881.99,2,21.0,4,2,0,0,3,1,1,0,0
21,51,106.32,2282.54,2,37.4,1,4,0,0,0,0,1,1,1
65,67,53.07,3382.82,1,42.6,2,5,2,0,2,1,1,1,0
14,47,100.13,1396.52,2,45.6,4,4,2,2,2,1,1,0,1
56,66,63.59,3562.25,2,14.7,5,4,2,1,0,0,1,0,0
34,27,72.37,2238.73,4,25.1,4,2,3,0,0,1,1,0,1
57,23,70.66,4019.62,4,55.9,6,6,0,1,0,0,0,0,0
17,38,35.48,585.31,2,38.9,5,0,0,1,0,1,0,1,0
60,71,98.39,5648.31,3,14.8,6,5,1,0,1,1,1,1,0
60,43,52.93,3130.18,0,28.6,6,3,1,0,0,0,1,0,0
6,67,75.01,417.11,5,8.5,3,6,0,1,2,0,1,1,1
64,38,53.45,3344.92,2,52.4,6,0,0,0,2,0,0,0,0
30,47,66.46,1922.5,4,15.1,4,6,1,1,0,1,0,1,1
29,75,59.15,1711.31,1,10.0,4,3,1,2,2,0,1,1,0
61,47,54.15,3441.16,3,17.4,4,0,0,0,1,1,0,1,0
40,37,71.47,2694.33,3,29.6,1,4,2,0,0,0,0,0,0
61,61,61.13,3806.12,1,18.9,6,4,1,2,1,0,0,0,0
70,31,79.26,5229.35,2,135.2,3,1,3,0,1,0,1,0,0
60,80,102.29,6012.58,0,23.9,1,1,0,2,0,1,1,1,0
35,60,60.9,1935.5,3,92.2,3,1,0,1,1,0,0,1,0
45,22,80.04,3633.67,0,56.4,5,3,1,2,0,1,0,0,1
23,69,89.71,2048.2,0,93.3,6,0,3,0,1,0,0,0,0
66,76,100.94,6661.85,3,58.8,5,3,0,0,1,0,0,0,0
64,40,38.36,2477.81,1,46.4,6,2,1,2,0,0,0,1,0
58,33,68.78,4014.97,2,42.4,5,3,0,0,3,1,1,1,0
46,26,66.73,3121.17,3,5.8,4,4,3,2,0,0,0,0,0
4,71,41.35,150.59,2,75.0,6,6,1,1,2,1,0,1,0
6,21,41.19,250.24,0,16.6,4,6,0,2,3,0,0,1,1
10,41,47.34,443.86,1,62.4,4,5,1,0,3,0,0,0,0
39,42,84.11,3151.45,3,27.0,6,6,0,0,0,0,0,1,0
33,78,27.5,926.74,5,69.7,3,6,3,0,1,1,0,0,0
57,39,59.42,3189.99,2,22.1,1,0,1,0,2,0,1,1,1
66,39,31.02,1924.06,3,23.5,1,5,2,0,3,0,0,0,0
35,34,36.54,1295.35,2,77.0,1,1,2,0,2,1,1,0,1
71,55,86.42,5934.75,1,42.2,5,2,0,1,3,1,1,1,0
43,65,98.63,4180.5,1,19.0,3,4,1,1,2,1,1,0,1
50,42,48.75,2210.43,3,24.5,2,0,1,0,3,1,1,0,0
53,68,50.99,2733.02,3,41.7,5,3,0,1,3,0,0,0,0
39,29,51.29,1873.2,3,97.6,6,2,2,0,0,1,0,1,1
34,67,94.96,3246.37,2,52.6,1,3,0,0,0,0,0,0,1
16,39,89.61,1441.67,5,44.8,1,2,0,0,1,1,1,1,1
35,34,59.48,1913.76,0,41.4,6,5,0,2,3,1,1,0,0
19,54,70.86,1369.38,1,64.0,5,2,0,0,0,1,1,0,0
46,65,102.31,4359.66,2,21.6,3,6,4,1,1,0,1,0,0
24,44,92.15,2275.31,3,13.0,4,0,0,1,0,1,1,0,1
13,60,74.31,878.48,2,37.7,1,1,1,2,3,0,1,1,1
40,48,69.79,2885.88,3,21.0,5,4,1,0,3,0,1,1,1
63,52,39.01,2243.64,3,41.4,1,4,1,0,1,1,1,0,0
29,50,119.86,3135.4,3,49.0,1,1,0,1,0,1,0,0,1
9,21,86.02,745.15,4,75.6,4,1,1,2,0,1,0,0,1
59,44,91.9,4922.16,1,22.1,4,2,1,2,1,1,0,0,0
62,28,64.13,3703.56,3,40.8,4,0,2,0,1,1,1,1,1
42,18,64.88,2600.1,2,18.8,4,3,2,1,1,1,0,0,0
60,43,75.59,4404.35,2,3.6,5,2,1,1,0,1,1,1,0
69,57,59.46,4259.64,3,69.6,5,5,0,0,0,0,1,1,0
39,23,131.78,4939.4,3,63.1,2,3,1,1,3,1,1,1,1
36,59,102.95,3706.96,2,59.3,2,0,0,2,1,0,1,0,1
61,72,75.39,4686.3,3,33.3,2,6,1,0,0,1,0,0,0
17,54,86.12,1338.27,2,23.7,5,1,1,0,0,0,0,0,1
50,72,27.19,1345.39,3,39.4,4,4,1,0,2,0,1,0,0
37,29,55.67,1927.12,1,42.2,2,6,1,0,2,0,0,1,1
42,24,47.97,1827.8,2,16.7,2,1,1,0,1,1,0,0,0
35,53,97.18,3439.25,1,19.5,5,5,0,2,1,1,0,0,0
66,75,92.54,6295.17,2,8.9,2,1,1,0,0,1,1,0,0
5,35,43.99,198.4,2,47.0,4,2,2,1,3,1,0,1,1
38,78,80.36,3083.8,4,22.7,6,6,1,1,2,1,0,0,1
66,71,67.2,4010.14,3,54.0,5,3,0,1,2,1,1,0,0
4,74,97.43,387.25,2,13.4,1,3,0,0,0,0,0,1,1
11,69,97.08,1008.65,3,53.8,1,4,2,2,0,0,0,1,1
42,42,28.98,1191.62,1,36.0,3,1,1,1,0,0,0,1,1
52,39,26.19,1410.53,2,56.5,4,1,0,0,3,1,1,1,0
61,52,35.06,2200.48,2,38.9,5,5,1,2,0,1,0,1,0
4,34,42.94,163.55,2,28.2,3,1,1,1,0,1,1,0,1
10,19,54.41,517.56,3,19.6,2,4,0,0,0,1,0,1,0
3,38,67.9,203.87,0,60.7,6,5,2,1,1,0,1,1,0
40,22,43.49,1580.92,2,8.3,4,1,1,0,0,1,1,1,1
6,76,114.37,676.71,2,17.7,1,0,2,1,1,0,1,1,1
11,59,69.24,720.47,3,26.5,6,5,1,2,2,0,0,1,0
69,58,18.0,1247.58,5,41.9,2,1,1,2,3,1,1,0,0
50,67,101.35,4587.61,3,59.6,1,4,4,0,0,1,1,1,1
43,57,43.58,1744.93,3,16.9,6,2,1,2,0,0,0,1,0
7,40,66.55,455.89,2,11.5,2,4,1,2,1,0,1,0,0
53,47,61.37,3282.84,1,51.3,3,1,1,0,2,1,0,0,1
70,44,53.24,3841.93,3,19.5,4,6,1,0,2,0,1,0,0
70,77,58.44,4161.93,0,7.1,4,1,3,0,0,1,1,1,0
43,69,64.6,2681.76,0,28.7,6,3,1,0,2,0,1,1,0
31,67,93.98,2711.62,2,16.3,3,4,2,0,2,0,1,0,1
64,80,76.36,4710.33,1,28.3,1,3,1,1,2,1,1,0,0
21,18,87.92,1721.02,1,24.9,4,6,2,0,1,0,0,0,0
27,52,94.31,2359.48,1,66.5,2,4,0,2,2,1,1,0,0
42,77,49.96,1983.6,0,9.2,1,6,0,0,3,0,0,1,1
9,69,18.0,160.68,3,22.1,4,4,0,0,0,0,0,0,1
67,22,70.23,4834.95,0,40.7,1,3,0,0,1,1,1,0,0
36,19,74.29,2505.93,2,68.3,4,0,3,2,3,1,0,0,0
43,63,67.2,2667.98,2,12.5,3,4,0,0,0,1,1,0,1
69,74,54.27,3780.6,3,37.1,3,0,2,1,1,0,0,0,0
22,74,70.52,1556.9,1,14.5,5,6,4,0,0,0,0,0,1
27,68,85.86,2252.9,2,17.1,3,2,2,2,2,1,0,0,1
29,20,104.18,2986.73,0,39.6,4,1,2,1,0,1,1,1,0
35,28,38.37,1306.21,1,18.0,6,4,1,1,3,1,1,1,0
45,69,86.25,3529.4,1,61.0,6,1,2,0,0,1,0,1,1
3,49,59.17,162.59,1,15.4,2,0,0,0,1,1,1,1,1
13,34,55.14,721.36,1,74.5,3,0,0,1,1,1,1,1,1
6,56,42.68,238.02,1,20.4,6,0,0,1,2,0,1,1,1
52,30,51.77,2616.17,3,22.4,2,0,1,1,0,0,1,1,0
47,46,59.54,2548.19,2,51.6,1,3,1,1,2,0,1,0,0
18,39,77.37,1348.01,4,17.3,1,2,2,0,1,1,1,0,1
20,35,77.3,1531.35,0,58.4,3,0,0,0,2,0,0,1,0
67,24,52.32,3595.49,5,23.0,5,6,2,1,2,0,1,0,1
62,58,84.86,5093.89,3,37.4,5,0,1,1,1,1,0,0,0
29,47,51.9,1461.7,1,11.8,4,4,2,0,1,0,1,1,0
18,65,71.53,1340.67,5,29.6,5,1,0,1,0,1,1,0,0
71,48,67.91,4681.97,3,22.0,4,2,2,1,1,1,0,0,0
10,19,56.37,588.84,2,8.6,5,3,0,1,1,1,0,0,0
20,59,82.06,1539.06,1,26.9,2,2,0,0,0,1,1,1,0
58,36,75.19,4263.61,2,55.6,6,4,0,0,0,0,1,0,0
15,53,45.49,699.53,2,9.8,5,6,0,2,1,0,1,0,0
54,48,71.31,3684.35,1,20.0,3,1,0,0,2,1,1,0,0
38,35,87.99,3375.14,1,63.1,5,0,2,0,2,0,1,0,1
41,36,55.36,2288.04,3,83.3,2,3,0,1,1,1,0,0,0
15,29,82.24,1268.62,2,33.3,6,3,2,0,2,0,1,1,1
46,43,18.0,779.4,2,36.5,2,2,1,0,3,1,0,1,0
25,58,51.24,1278.23,1,5.1,3,1,2,2,0,0,1,1,0
70,54,49.77,3524.07,1,38.1,2,1,1,1,1,1,0,1,0
39,43,89.87,3534.84,1,14.9,3,1,2,1,1,1,1,0,0
33,67,68.29,2261.28,2,13.8,2,1,1,1,0,1,1,0,0
26,40,110.24,2811.35,1,19.1,1,5,1,1,2,0,1,0,1
23,54,67.94,1613.67,2,13.2,3,5,0,0,3,0,1,1,0
18,23,18.0,336.98,1,31.9,4,3,0,0,1,1,0,0,0
18,68,47.41,775.29,3,35.0,1,2,0,2,0,1,0,0,0
23,60,60.17,1399.05,4,10.9,5,2,1,2,1,0,0,1,0
3,76,86.23,247.19,2,68.4,3,1,0,0,1,1,0,0,1
9,60,80.05,734.74,3,13.1,5,6,0,0,2,1,0,1,1
19,26,53.02,1003.8,5,70.9,6,3,2,1,0,0,0,0,1
16,67,69.81,1025.8,3,8.5,4,5,0,0,1,0,0,0,1
33,79,29.47,965.49,3,30.2,5,6,1,1,0,0,1,0,0
18,45,18.0,322.62,2,45.5,2,3,0,2,3,1,0,1,0
53,54,89.04,4786.66,2,98.6,6,5,1,1,1,1,0,1,0
4,28,49.56,195.52,4,27.0,2,6,3,2,2,1,1,0,0
24,18,56.0,1258.88,2,40.0,4,3,1,0,1,1,1,0,1
1,44,42.4,44.01,0,57.3,4,2,0,0,2,1,1,0,0
63,66,30.48,1958.61,1,53.5,6,0,1,0,0,0,0,0,1
3,27,98.86,305.77,5,34.4,4,4,0,0,2,0,1,0,1
3,55,71.75,225.29,2,29.3,5,4,0,2,0,0,0,1,0
11,73,54.9,625.95,1,49.9,5,3,2,1,0,1,1,1,0
6,77,49.27,303.87,1,10.4,6,6,1,0,2,1,1,0,0
14,29,72.49,1048.85,5,40.7,2,4,1,2,1,0,1,0,1
40,58,23.69,882.03,2,70.9,6,0,0,1,2,1,1,1,1
67,38,84.78,5156.91,2,26.6,2,3,1,0,3,0,1,0,0
71,63,84.44,5606.55,2,27.5,3,2,1,0,0,0,0,1,0
13,71,44.45,537.85,1,56.0,4,2,2,2,1,0,1,1,0
53,75,98.58,5448.9,2,14.9,6,2,0,2,2,1,0,0,0
19,38,51.05,879.36,0,30.0,2,5,1,0,0,1,1,0,0
72,36,71.65,5216.38,1,46.0,1,3,0,2,1,1,1,1,0
22,31,77.14,1585.29,0,50.4,2,2,1,0,3,1,0,1,0
25,45,73.29,1784.42,4,16.1,2,2,0,2,1,1,1,0,0
41,29,39.68,1648.49,1,66.8,1,5,0,2,0,0,0,1,1
39,68,77.87,2970.58,4,31.4,2,6,1,2,1,0,1,0,1
58,74,59.38,3102.37,4,37.5,2,2,0,0,0,0,1,1,0
64,32,52.6,3274.02,5,91.3,3,3,1,2,2,0,1,1,1
15,59,85.14,1306.22,0,46.0,1,0,1,0,2,0,1,1,0
33,43,72.74,2413.08,3,37.5,2,6,1,2,1,0,1,1,0
2,34,56.71,116.14,1,46.0,4,4,1,2,1,0,0,1,1
25,53,73.93,1905.92,0,32.5,2,6,1,1,2,1,1,1,1
24,64,66.27,1512.74,4,41.4,1,1,2,2,0,1,1,1,0
66,39,89.35,5951.34,1,39.5,1,6,1,0,0,1,1,1,0
25,42,96.21,2270.28,2,18.5,2,3,0,0,1,0,1,0,1
72,48,86.65,5829.55,0,59.1,4,4,3,0,3,0,1,0,0
24,77,58.75,1320.81,0,29.8,3,0,3,1,0,1,0,0,0
44,34,96.74,4004.49,0,87.4,6,5,2,0,2,1,0,0,1
66,37,91.01,5949.42,3,91.1,1,4,1,2,0,1,0,0,0
2,44,85.9,177.56,2,60.8,1,2,0,1,0,1,0,1,1
16,23,82.09,1311.44,5,33.9,4,0,3,0,0,1,1,1,1
68,24,50.6,3414.53,4,41.0,3,3,0,2,1,0,1,1,0
18,73,73.78,1235.3,3,65.2,3,4,1,0,0,1,0,1,1
2,71,40.52,83.77,2,65.5,1,2,0,0,1,0,0,0,0
1,50,92.06,86.62,1,52.2,2,5,1,0,2,1,1,0,1
28,26,93.57,2455.45,2,39.3,6,2,1,0,3,1,0,0,1
68,39,40.78,2521.29,0,38.0,4,3,1,0,1,1,1,1,0
10,47,74.39,730.13,1,46.1,3,5,1,2,0,1,1,1,0
63,41,38.0,2429.15,1,44.0,6,4,3,1,2,1,1,1,0
66,33,79.16,5202.36,2,47.4,2,0,1,2,1,0,0,1,1
18,39,68.16,1253.75,2,32.8,3,1,0,0,2,1,0,1,1
5,58,43.52,201.03,0,37.6,1,2,1,0,3,0,1,0,1
68,66,81.43,5177.46,3,31.6,5,0,0,0,3,0,1,1,0
33,22,90.31,2788.95,3,15.1,6,0,1,2,2,0,1,0,1
18,26,46.25,781.5,2,21.9,5,5,1,2,2,0,0,0,1
16,64,111.97,1850.79,4,17.5,2,4,1,0,0,0,0,0,1
20,63,56.0,1051.61,4,79.4,5,2,1,2,0,0,1,0,1
10,79,73.3,765.13,1,30.7,6,4,0,2,0,1,1,0,0
50,34,71.29,3218.98,0,71.4,2,0,1,0,0,0,1,1,1
19,69,72.9,1366.18,2,25.1,6,0,0,0,2,0,0,0,1
41,51,49.37,1862.06,0,54.1,5,1,1,1,1,1,1,0,0
69,76,83.1,5472.71,1,25.1,1,6,0,2,2,0,1,0,0
48,21,49.16,2449.9,4,28.7,5,3,0,2,1,1,1,1,0
38,65,49.99,1938.22,2,62.6,5,5,2,0,3,0,0,0,0
72,62,32.99,2484.08,5,26.4,1,5,0,2,1,0,0,0,0
27,40,108.06,2980.34,3,90.3,1,3,0,0,3,0,1,1,1
22,39,77.84,1574.68,3,13.9,6,0,1,0,0,1,0,1,1
13,70,59.89,799.44,2,41.5,6,5,0,0,0,1,0,0,0
22,26,49.2,1018.67,4,126.8,6,6,1,2,1,1,0,0,0
59,75,49.01,2773.52,1,68.5,5,5,0,0,3,1,1,1,0
29,38,67.41,1869.55,1,26.5,3,0,0,2,0,0,1,0,0
1,20,24.51,25.56,4,48.0,5,5,0,0,1,0,1,0,0
13,64,41.04,532.33,2,9.5,5,4,4,0,0,0,1,1,1
52,78,88.42,4496.3,1,52.2,5,6,1,1,1,1,0,0,0
69,33,106.2,6848.59,0,15.9,3,4,1,1,0,0,0,1,1
62,24,74.96,4232.92,2,34.7,3,2,0,0,2,1,1,0,0
63,49,57.92,3326.37,4,44.4,2,4,2,0,0,1,1,0,0
46,75,95.42,4275.65,3,37.3,3,4,1,0,0,1,1,0,1
61,53,62.96,3781.31,0,40.2,2,6,1,0,1,1,0,0,1
15,50,91.74,1333.38,0,39.0,4,0,1,0,0,1,0,0,1
4,45,34.41,128.84,5,30.4,2,2,1,0,0,0,1,0,1
19,33,79.16,1546.3,5,9.2,5,6,2,0,2,0,0,0,1
3,35,74.91,217.58,3,39.6,3,6,0,0,0,1,1,0,1
27,62,62.95,1535.29,1,88.1,1,0,1,0,1,1,1,0,0
48,41,65.15,2884.04,1,24.2,3,0,1,1,1,0,0,1,0
65,21,77.77,5155.13,3,8.1,3,6,2,0,2,1,0,0,0
44,70,80.98,3710.5,3,45.8,6,3,0,0,1,1,0,1,1
63,58,105.28,6719.65,1,60.7,6,0,0,0,0,1,0,1,1
40,78,77.64,3011.61,1,78.1,6,3,4,0,2,0,1,0,1
32,38,56.25,1806.03,1,29.5,6,0,0,1,2,0,0,0,0
45,72,21.11,978.64,4,10.2,5,5,3,2,0,0,1,0,0
13,65,48.97,626.56,1,64.1,3,2,1,1,1,0,1,1,1
11,24,41.83,455.63,1,9.4,2,3,1,0,2,0,0,0,1
37,44,59.55,2283.89,3,41.4,3,3,3,2,2,1,1,0,1
38,41,105.74,3804.04,1,41.2,2,6,2,2,0,1,0,1,0
15,37,37.26,575.46,4,21.7,6,3,1,2,2,1,0,1,0
56,69,26.71,1367.98,3,24.3,4,3,2,0,0,1,0,0,0
45,29,71.73,2970.66,2,31.6,5,4,1,2,2,1,1,1,0
34,73,68.83,2117.2,1,35.9,6,0,0,1,2,0,1,1,0
29,52,39.95,1063.56,2,66.6,3,3,1,2,0,1,0,0,0
43,80,54.81,2421.52,0,44.5,1,0,0,0,1,1,1,0,0
67,57,114.81,7377.51,0,23.6,3,2,1,2,0,0,1,0,0
64,46,32.71,1939.52,3,17.2,2,3,1,1,2,0,1,0,0
22,50,29.13,585.87,3,41.2,5,6,0,1,1,0,0,1,1
27,58,93.93,2318.71,5,34.1,6,4,1,0,1,0,0,1,0
69,65,32.7,2268.35,2,92.8,6,3,0,0,0,1,0,0,0
58,80,68.08,3957.48,0,52.9,6,6,0,1,2,1,0,0,0
15,38,81.18,1123.89,2,45.0,1,5,2,2,3,0,1,1,0
15,66,30.4,453.57,3,24.2,1,6,0,0,3,0,1,0,0
20,72,99.2,1855.77,1,43.8,1,3,2,2,1,1,0,1,0
2,30,33.95,68.17,2,19.1,4,2,1,1,0,0,1,1,0
65,20,68.13,4273.89,4,17.7,5,3,0,0,0,0,0,1,1
15,78,88.71,1392.06,0,30.3,3,4,0,2,3,0,0,1,1
4,58,66.43,261.26,3,47.8,1,4,1,0,1,1,1,0,1
19,53,69.46,1348.23,3,13.6,4,4,0,0,0,1,1,1,0
27,75,49.79,1355.37,1,30.3,3,5,1,0,3,1,0,1,1
32,59,44.6,1435.98,0,50.6,1,4,0,0,2,1,0,1,0
40,39,53.39,2135.63,1,22.2,5,0,0,1,2,1,0,0,0
5,20,43.62,203.18,0,40.8,5,1,4,0,2,1,0,1,1
53,49,51.52,2659.63,0,45.8,3,2,1,0,2,1,0,1,0
30,29,118.3,3313.17,2,40.2,4,6,0,2,1,1,0,1,0
38,49,93.66,3323.96,1,6.8,3,2,1,0,2,0,1,0,1
71,40,59.71,4359.82,5,21.9,4,4,0,0,1,1,1,0,0
69,27,55.32,4006.18,1,33.3,2,0,2,0,0,0,1,0,1
16,75,35.74,568.08,2,18.0,1,3,1,0,3,1,0,0,0
19,74,71.75,1375.69,1,89.9,1,5,0,0,0,1,0,0,0
16,60,93.87,1419.87,5,43.4,1,3,2,0,3,1,1,0,0
19,20,66.44,1172.87,4,50.1,4,2,2,0,0,0,0,1,1
23,36,55.43,1289.43,3,24.2,6,0,1,0,0,0,0,1,1
24,40,82.7,1866.57,4,52.9,6,4,0,0,1,1,0,1,1
10,61,89.25,881.76,1,30.6,1,3,1,1,0,1,1,0,0
64,80,58.49,3518.13,1,71.1,2,0,0,1,0,0,1,0,0
22,69,91.03,1885.06,3,56.8,4,4,2,0,1,0,0,1,1
55,20,92.57,4925.15,2,29.5,1,3,2,0,1,1,0,1,0
30,56,84.88,2671.21,1,15.2,2,2,2,0,1,0,0,0,0
44,30,69.18,2978.48,1,35.5,4,1,0,0,0,0,1,1,0
30,58,61.54,1765.83,3,9.3,2,0,1,2,3,1,1,0,0
21,74,56.39,1230.68,3,14.6,1,2,3,1,0,1,1,0,0
20,27,84.52,1582.07,5,33.1,2,5,1,1,1,0,1,0,1
44,59,18.0,720.59,7,61.3,2,6,0,0,1,0,0,0,0
39,26,61.01,2488.81,1,22.8,2,5,1,1,0,0,1,1,0
56,40,73.95,4024.61,2,45.9,5,5,2,0,0,0,1,1,0
39,40,55.74,2230.23,3,45.7,1,3,0,1,0,1,0,0,0
66,76,46.87,2879.7,1,56.0,5,0,1,2,2,1,1,1,0
36,63,65.91,2249.58,2,26.3,2,6,2,1,1,0,0,0,0
15,56,86.92,1241.46,4,51.9,2,3,3,1,0,1,1,0,1
8,46,67.52,518.45,3,11.7,2,5,1,2,0,0,0,1,1
63,44,98.43,6122.4,1,31.0,6,5,2,1,1,0,1,0,0
37,29,117.82,4071.22,3,83.1,6,5,0,0,0,0,0,0,1
36,50,40.53,1336.23,1,28.3,2,5,1,1,3,1,0,0,0
15,41,131.72,1852.18,4,14.2,5,0,1,0,2,0,0,1,1
22,34,40.18,820.58,2,10.4,2,5,4,0,0,1,1,0,0
58,63,41.43,2517.26,3,43.6,3,3,2,0,1,0,1,0,1
53,60,60.02,3163.27,2,24.2,1,4,0,0,3,0,0,1,1
21,80,117.24,2503.84,2,137.4,1,3,2,0,3,0,1,1,1
20,23,91.98,1885.49,4,17.2,1,2,1,0,1,0,0,0,1
39,78,96.97,3609.13,3,15.9,3,6,1,2,2,0,1,1,1
66,36,50.06,3182.12,2,54.3,6,4,0,0,2,1,1,1,0
64,79,98.13,5824.92,3,12.8,4,1,2,0,1,0,1,1,1
48,57,66.32,3316.25,1,30.1,1,6,3,0,2,0,1,1,0
36,19,75.67,2578.68,3,7.2,4,5,0,2,2,1,0,1,0
51,39,103.35,5383.44,6,31.5,1,5,2,1,1,0,0,0,1
1,71,118.67,108.1,1,48.0,2,4,0,1,0,0,0,0,1
11,43,97.57,968.34,1,19.8,1,0,0,0,1,0,1,1,1
17,18,101.04,1660.09,2,33.4,2,1,0,1,2,0,0,0,1
51,36,92.94,4405.84,2,43.8,4,5,1,1,2,0,1,1,0
10,34,90.37,844.33,4,23.4,6,4,1,2,1,1,1,1,0
66,32,74.9,5188.28,2,16.8,2,4,1,0,1,1,0,1,0
28,54,75.39,1976.33,4,31.0,5,2,0,2,3,1,1,1,0
39,26,57.06,2236.81,1,12.0,5,4,1,2,0,0,1,1,0
13,73,100.78,1362.96,3,33.7,6,3,0,0,3,1,1,0,1
21,32,58.8,1221.27,0,38.6,3,0,1,1,1,1,0,1,1
16,26,66.48,981.17,3,34.6,5,0,3,0,0,0,0,0,1
10,36,44.64,442.55,1,7.2,1,3,1,2,1,1,0,1,0
4,56,126.13,454.81,3,60.2,6,0,0,1,3,1,0,1,1
59,41,69.79,4064.11,3,33.7,5,0,0,0,2,1,0,1,0
22,78,79.65,1737.22,4,7.8,1,5,0,2,1,1,1,0,1
30,26,24.46,706.5,3,20.2,6,0,0,0,0,1,1,1,1
57,75,39.88,2279.44,0,102.9,3,6,0,1,0,0,1,0,0
39,25,79.24,2937.38,1,53.9,3,5,2,0,1,1,1,1,0
48,51,42.14,2073.69,1,28.4,6,1,3,2,1,1,1,1,0
26,79,123.9,2933.15,1,20.6,5,6,1,0,2,1,1,1,0
57,78,82.18,4637.41,2,28.4,2,3,1,0,0,0,0,1,1
35,73,56.82,2029.42,7,19.2,6,0,1,2,0,0,1,0,0
61,63,122.27,7061.23,2,55.9,5,0,0,0,0,0,0,0,0
39,42,77.28,3029.75,3,37.5,2,4,0,0,0,1,1,1,0
23,32,69.93,1585.83,2,25.6,3,3,0,0,1,1,0,1,1
45,57,35.88,1475.27,4,54.3,6,3,3,0,3,1,1,1,0
7,20,54.11,396.4,2,32.3,6,5,2,0,0,0,1,1,1
4,34,23.34,85.47,6,22.8,6,3,1,0,1,1,1,0,1
57,76,103.57,5859.23,3,33.2,2,3,1,2,3,1,1,0,0
46,44,75.35,3605.28,1,46.1,5,0,2,0,1,1,1,1,1
68,62,60.6,3753.97,2,20.4,2,5,1,0,1,0,0,1,0
31,76,57.54,1671.28,3,32.4,2,6,1,0,3,0,0,0,1
4,63,47.5,197.98,3,24.0,4,4,1,0,2,1,1,1,0
19,44,59.18,1149.78,1,24.5,5,4,1,0,1,1,1,1,1
46,40,102.79,4719.65,1,55.2,3,2,0,0,0,0,1,0,0
32,74,119.49,3604.07,3,41.5,1,2,0,1,2,0,0,0,1
22,29,83.62,1836.81,3,9.6,2,6,1,2,2,0,0,1,0
60,75,57.14,3547.94,4,32.1,2,5,2,0,1,1,0,1,1
39,22,64.16,2377.27,3,43.6,3,0,1,2,0,1,0,1,1
72,73,95.05,6419.33,3,22.6,3,2,0,1,0,0,1,1,0
66,62,71.37,4283.53,3,34.0,5,5,2,1,2,0,0,1,0
7,59,61.33,395.15,3,13.7,4,6,0,0,2,0,1,1,0
64,25,69.47,4353.13,3,38.8,1,4,1,0,3,1,1,1,0
69,39,74.11,5018.27,2,76.1,6,3,3,1,1,1,0,0,0
68,45,123.98,7817.78,1,39.1,5,6,0,1,2,0,1,1,0
22,60,71.9,1562.59,2,38.8,2,6,2,1,1,0,1,0,1
3,32,56.03,155.01,2,17.7,1,0,0,0,0,0,0,1,1
20,46,48.71,945.93,0,14.5,4,2,0,2,3,1,0,0,0
1,75,54.99,51.77,1,27.8,2,6,0,0,0,1,1,1,1
16,72,69.24,1076.23,2,56.6,2,3,2,0,2,1,1,0,1
51,23,50.04,2440.3,3,32.2,2,2,0,2,2,1,1,1,0
34,18,102.35,3299.89,2,31.4,4,4,1,0,0,1,1,1,1
61,48,73.57,4581.22,2,43.6,1,0,1,1,1,1,1,0,0
66,42,105.91,6319.55,2,40.6,6,5,2,2,0,1,1,1,0
10,34,68.5,677.79,2,15.9,5,4,2,1,2,0,0,1,1
49,24,59.22,2878.97,3,41.0,4,4,1,2,2,0,0,0,1
69,18,49.36,3559.4,3,17.7,6,0,2,0,1,0,1,0,0
70,54,58.43,4207.45,1,25.8,1,2,0,2,3,1,0,1,0
26,60,62.83,1601.67,0,30.9,5,3,1,2,1,0,1,1,0
55,34,18.0,957.26,2,66.6,1,4,1,0,2,0,1,0,0
44,58,79.59,3219.4,3,40.5,6,3,0,2,0,0,1,1,1
57,47,29.51,1619.82,2,36.8,2,0,1,2,1,0,1,0,0
37,45,84.68,3219.36,2,27.4,1,4,2,1,2,1,0,1,1
64,47,65.83,4341.01,3,32.6,5,4,2,0,0,1,1,1,0
26,67,80.66,2085.49,3,46.7,2,4,0,1,2,0,0,0,1
65,61,76.68,4792.1,1,7.4,4,3,1,0,0,0,1,1,1
24,69,48.85,1090.44,1,103.2,6,3,2,2,3,0,1,0,1
48,19,98.35,4632.95,3,33.0,5,5,0,2,0,0,1,1,1
47,38,103.46,4600.16,1,22.7,1,3,0,2,1,0,0,0,0
59,27,84.72,4765.35,3,42.1,3,3,1,0,1,0,0,0,1
10,54,32.45,318.94,3,17.5,2,3,1,1,3,1,0,1,1
59,36,88.84,5040.63,0,42.1,6,0,0,0,1,1,0,0,0
12,80,52.54,621.69,1,43.6,3,1,2,0,1,0,0,0,1
61,39,49.48,2957.17,2,78.0,3,1,2,0,2,1,1,1,0
9,61,69.27,588.77,1,17.3,4,0,3,1,1,0,1,0,1
14,68,67.78,856.44,1,28.3,6,6,0,0,0,0,1,0,1
28,24,54.29,1570.11,2,27.5,5,5,0,0,0,1,1,1,1
13,29,36.96,442.83,1,42.3,2,5,0,1,3,1,0,1,0
56,57,59.77,3511.34,1,43.8,2,3,1,2,3,0,0,0,0
48,45,79.35,3555.1,2,9.6,6,4,0,0,1,0,1,1,1
38,39,117.26,4165.03,3,9.1,6,5,1,0,0,1,0,1,0
26,19,53.51,1385.02,1,32.2,1,5,0,1,1,0,0,0,0
67,73,40.42,2535.11,0,29.8,4,6,1,0,1,1,0,0,0
22,22,99.52,2038.26,4,39.0,4,0,0,2,0,0,0,1,1
54,42,70.21,3746.29,0,40.8,1,5,0,0,0,1,1,0,0
51,55,75.35,3817.79,0,81.3,3,5,1,1,3,1,1,1,0
49,57,98.04,4540.49,3,6.4,6,2,0,0,2,1,1,0,0
38,77,18.0,681.8,1,30.0,2,4,1,0,1,1,0,1,0
42,40,39.62,1510.51,1,50.8,1,2,2,0,3,1,0,0,0
15,18,81.13,1188.56,3,28.1,3,2,2,0,1,1,0,1,1
42,57,72.83,2774.56,3,29.0,6,1,0,0,2,1,1,0,1
2,32,122.01,233.71,2,37.8,5,4,2,0,0,1,0,1,1
21,18,81.76,1677.0,5,26.3,2,4,0,0,0,0,1,1,1
32,44,51.43,1523.73,4,40.5,3,6,0,0,3,0,0,0,0
69,30,90.55,6380.87,1,28.3,5,2,0,1,2,1,1,1,0
53,31,71.32,3678.41,1,47.1,4,0,0,1,0,1,1,0,0
61,28,79.25,4509.15,2,18.0,5,1,1,0,3,1,0,0,1
27,53,58.51,1601.61,4,46.7,2,6,0,2,3,0,1,1,0
33,22,107.9,3613.4,2,38.7,4,5,1,0,0,1,0,1,1
49,18,89.47,4194.25,3,85.6,4,6,0,0,3,0,0,1,0
7,64,57.25,382.0,1,21.3,6,0,1,2,2,1,0,1,0
26,35,115.04,2962.57,0,18.1,2,1,0,0,0,1,0,0,0
40,55,82.04,3169.84,4,74.2,3,5,1,1,0,0,0,0,0
69,43,72.48,5015.22,2,65.6,6,3,0,0,1,0,1,1,1
17,53,95.73,1596.43,3,27.9,6,0,2,0,0,1,1,0,1
51,72,73.33,3843.56,1,24.0,4,2,1,0,1,1,0,0,0
11,22,97.66,1044.07,3,53.0,4,4,1,0,2,1,1,1,1
53,28,54.89,2951.35,4,40.8,6,3,1,2,2,1,1,0,0
42,51,56.06,2197.16,3,14.9,1,0,1,0,0,1,1,1,0
10,78,86.96,823.59,4,30.8,3,0,0,2,0,0,1,1,1
30,78,105.17,3202.88,1,97.8,1,0,1,0,0,0,1,1,1
36,54,51.23,1905.07,2,18.4,6,4,0,2,2,0,1,1,0
7,23,101.63,649.3,1,37.7,2,0,1,1,2,1,0,0,1
62,27,76.91,4342.65,4,78.0,2,1,0,0,3,1,1,1,0
59,53,55.29,3225.01,1,28.7,5,1,3,1,0,1,1,0,0
2,42,80.49,158.34,0,33.7,1,0,0,1,0,0,1,1,1
32,39,58.8,1728.58,3,30.4,6,4,1,0,0,1,0,1,1
44,77,89.53,3937.0,1,54.0,3,1,2,2,0,1,1,1,0
28,78,75.17,2151.82,3,57.2,2,5,0,0,1,0,1,0,1
52,25,93.37,4382.15,2,45.4,4,0,2,0,2,1,0,0,0
49,28,28.52,1370.55,5,35.1,1,5,0,1,0,1,0,0,0
11,67,80.74,844.36,0,101.4,1,5,1,0,2,1,0,0,1
60,39,76.58,4700.44,1,37.1,6,4,1,2,3,0,1,0,0
46,40,79.03,3667.07,3,13.8,1,1,1,1,0,1,1,1,0
49,60,107.49,5296.64,3,39.3,1,0,0,0,0,1,1,0,0
23,25,76.96,1810.58,2,11.9,2,0,1,2,2,0,1,1,1
4,27,53.17,206.29,1,37.2,1,3,0,0,0,0,0,1,1
43,64,60.09,2473.91,3,15.3,6,2,1,1,1,1,1,0,1
45,75,108.44,4584.62,2,25.2,3,6,1,0,0,1,0,0,0
19,35,58.78,1109.95,0,35.4,2,0,0,0,3,1,1,0,1
56,56,95.96,5398.56,2,11.5,4,5,1,2,0,0,0,0,0
58,56,66.88,3521.92,1,13.5,2,5,0,0,3,0,0,1,0
18,68,80.87,1369.14,3,40.1,4,4,0,0,2,1,0,1,1
65,53,127.83,7722.21,0,34.1,6,3,3,1,0,0,0,1,1
49,63,89.71,4559.81,2,24.3,6,6,1,1,0,1,0,1,1
55,75,101.61,5779.29,1,35.9,2,2,1,1,1,0,1,0,0
49,64,76.32,3489.28,3,53.5,4,5,2,0,3,1,1,1,0
59,32,103.78,5839.85,0,93.3,4,1,0,2,3,0,1,0,0
13,27,93.3,1260.2,1,10.9,2,0,0,2,1,0,0,1,1
63,72,62.24,3623.53,2,36.3,2,1,1,0,0,0,1,0,1
10,64,66.31,680.42,1,69.5,3,5,2,0,2,0,1,0,0
61,69,79.87,4538.49,2,69.4,2,0,0,0,2,1,0,0,0
4,46,49.7,201.45,1,33.8,5,1,1,0,0,0,0,0,1
2,63,78.49,164.01,0,18.9,2,3,1,0,2,0,1,0,1
2,51,93.34,173.81,3,23.6,5,5,1,1,3,0,1,1,1
64,40,78.42,5057.83,2,33.9,6,0,1,2,2,0,1,1,0
55,29,86.33,4315.83,1,28.2,3,3,1,1,0,0,0,0,1
17,57,56.04,942.83,5,21.3,5,6,0,2,0,1,1,0,0
62,18,25.63,1570.65,1,32.0,6,0,1,2,2,1,0,0,0
55,68,75.8,4305.5,2,40.3,2,4,2,0,1,1,1,1,1
41,58,60.94,2416.08,2,34.6,1,6,1,1,2,1,1,1,0
55,60,50.69,2795.09,1,44.6,4,4,1,0,0,1,0,1,0
35,47,106.02,3498.99,1,21.5,1,3,3,0,3,0,1,0,0
4,27,63.09,241.29,3,68.5,5,4,0,2,1,1,1,1,1
29,54,26.4,738.92,2,42.5,6,2,0,0,0,0,1,1,0
12,46,69.08,747.57,5,63.1,3,0,0,1,2,0,1,0,1
43,75,106.34,4192.59,4,75.8,4,2,1,0,1,0,1,1,1
67,24,95.3,6336.96,1,8.7,6,2,2,0,0,0,0,0,1
53,71,62.02,3051.14,2,21.7,4,0,0,0,3,0,1,1,0
58,20,87.19,4752.27,2,57.1,3,6,0,2,0,1,0,1,0
65,76,41.74,2753.29,1,16.1,2,6,0,2,3,1,0,1,0
46,68,88.73,3986.69,1,39.3,3,1,1,1,2,1,1,0,0
64,38,70.75,4627.33,2,35.2,6,3,1,0,0,0,1,0,1
3,53,59.74,173.56,2,22.6,5,3,2,2,3,1,1,0,1
6,78,83.98,463.31,1,48.1,2,1,0,0,1,0,0,1,0
6,32,82.52,475.78,3,34.7,3,6,1,0,1,0,0,1,0
46,44,87.28,3739.67,3,22.4,5,3,2,1,2,1,1,1,1
61,72,39.46,2511.74,2,100.0,2,6,0,0,0,1,1,0,0
30,73,30.0,920.91,1,35.6,4,1,0,0,2,0,1,1,1
50,33,28.28,1384.48,3,79.5,6,2,0,0,0,1,1,1,0
21,74,109.56,2111.05,2,54.5,6,5,0,1,3,1,0,0,1
33,80,77.13,2449.05,2,44.1,6,3,2,0,2,1,0,0,0
48,78,84.6,3775.18,2,67.1,6,1,0,1,0,0,1,0,0
72,33,53.1,3801.11,3,46.3,4,6,1,0,2,1,0,1,0
30,67,101.73,2770.36,2,48.0,4,6,1,0,2,0,1,0,1
36,37,66.46,2188.46,2,21.2,3,0,2,0,1,1,0,1,1
26,63,89.02,2371.79,4,35.3,5,3,0,0,1,0,0,0,0
38,64,31.55,1098.34,5,12.8,4,5,1,1,1,0,1,0,0
1,68,80.49,74.84,1,32.1,2,2,0,0,1,0,1,1,1
56,76,56.05,3135.31,4,77.2,5,3,3,0,3,1,0,1,0
19,72,91.97,1742.13,1,29.4,1,0,2,0,1,1,1,0,0
45,71,64.31,2709.61,0,49.3,3,4,3,1,1,1,0,0,0
21,58,31.83,602.32,3,20.6,4,5,0,1,1,0,0,1,1
20,39,60.59,1170.24,3,34.0,1,4,0,0,0,1,1,0,1
4,39,78.83,291.14,0,81.4,4,4,1,2,0,1,1,0,0
70,36,74.28,5090.9,3,64.6,2,0,1,0,1,1,1,0,1
49,32,80.95,4079.54,0,60.1,2,3,1,0,0,0,1,1,0
17,62,76.3,1243.14,3,15.1,4,0,1,2,0,0,0,0,0
44,54,102.81,4383.92,2,60.0,5,1,0,0,0,1,0,0,0
6,66,38.47,230.89,0,95.9,1,4,0,1,3,1,1,0,1
72,62,61.29,4368.07,6,49.0,4,1,0,0,0,0,0,1,1
60,53,61.27,3646.17,1,30.9,6,1,1,0,1,0,1,1,1
21,77,65.7,1370.98,0,77.8,4,6,0,1,0,1,0,0,0
71,44,18.0,1288.78,2,71.3,3,6,1,0,1,0,1,0,0
70,74,46.18,3323.21,3,34.0,1,5,0,0,0,1,1,0,0
8,41,19.56,150.41,2,17.3,1,4,0,0,0,0,0,1,1
40,18,80.34,3200.78,2,28.8,2,1,2,0,0,0,0,0,1
20,48,91.11,1850.72,1,22.2,6,3,0,2,0,0,0,1,1
14,60,72.01,933.94,1,23.9,4,0,1,0,0,1,0,1,1
20,19,69.28,1441.86,4,21.6,2,5,0,0,2,0,1,1,1
47,23,35.41,1530.77,5,32.3,6,4,0,2,1,0,0,0,1
8,53,84.8,687.87,1,38.7,5,1,0,1,2,0,0,0,1
46,76,29.67,1410.33,2,47.6,4,1,1,0,3,1,1,0,0
33,41,60.42,2083.79,3,37.1,6,2,1,0,0,1,0,0,0
43,55,50.15,2153.71,0,30.2,2,1,0,2,0,0,0,1,0
15,51,51.9,706.43,1,40.2,1,5,1,2,0,1,0,1,1
41,73,123.13,5300.15,1,27.5,4,3,0,1,0,1,0,0,0
42,20,80.67,3237.94,2,65.9,3,6,0,1,2,0,0,0,1
48,40,80.96,3872.26,4,29.3,1,5,0,0,2,1,0,1,0
55,49,55.22,3026.85,0,20.5,4,6,3,0,1,0,1,1,1
71,41,80.55,5827.98,1,12.6,2,2,1,1,0,0,0,1,0
22,32,82.85,1864.64,5,57.5,3,0,2,0,1,0,0,0,1
33,53,47.8,1653.72,3,7.1,5,5,1,0,0,1,1,1,0
44,53,97.1,4197.27,6,41.3,5,2,0,0,2,1,1,1,0
70,38,37.53,2617.52,4,20.9,6,1,1,0,3,0,1,0,0
69,63,56.19,3571.37,3,20.7,5,5,2,1,1,0,1,1,1
26,37,64.02,1556.15,0,96.8,3,1,1,0,1,0,0,1,0
70,40,80.15,5655.02,3,20.3,5,5,0,0,3,0,1,0,0
17,31,86.95,1534.71,2,30.2,4,6,1,0,0,1,0,0,1
25,48,68.92,1647.25,2,109.9,3,2,1,0,0,0,0,0,1
46,47,36.07,1646.21,3,52.4,3,1,0,0,1,1,0,1,1
15,68,65.97,896.96,0,46.5,2,1,1,0,1,1,0,0,0
61,53,118.71,7362.37,3,9.6,6,6,2,1,2,0,1,0,0
11,65,73.11,794.98,2,35.8,3,4,1,1,2,0,0,1,1
61,68,75.15,4240.51,1,12.6,4,4,1,0,2,0,1,1,1
7,49,81.23,516.22,2,26.4,5,6,0,0,2,1,1,0,1
54,29,61.58,3012.63,2,15.5,6,1,0,2,3,1,0,1,0
69,51,62.42,4337.34,3,55.1,5,1,0,0,0,0,0,0,1
58,63,80.67,4330.63,4,35.4,4,0,2,1,3,0,0,1,1
9,73,79.51,646.93,0,29.7,2,0,2,1,2,0,1,0,1
33,28,68.73,2227.62,1,57.7,2,3,1,1,0,0,1,1,0
1,43,80.82,81.27,2,13.6,2,2,1,1,0,1,0,1,0
55,39,69.58,3876.08,3,69.0,1,4,0,0,3,0,1,1,0
5,30,75.63,378.99,3,46.6,1,4,2,0,0,0,0,1,1
32,54,63.33,1852.28,1,19.0,3,1,0,0,2,0,1,0,1
51,58,90.55,4252.43,2,21.4,5,4,0,1,2,0,0,1,0
38,43,83.66,2977.8,2,49.8,3,3,1,0,0,0,0,1,1
33,73,78.5,2566.22,2,36.9,1,5,0,2,1,1,1,1,1
52,68,121.34,6107.27,7,23.8,2,1,0,2,0,1,1,1,0
58,80,82.91,4536.96,1,23.1,1,1,1,0,0,0,0,1,0
58,29,57.97,3343.59,4,51.1,5,4,4,0,1,1,1,0,0
3,73,90.89,273.86,1,28.8,4,3,2,0,1,1,1,1,1
15,65,78.43,1088.54,2,22.6,3,5,0,0,1,1,1,0,0
7,47,61.94,393.62,3,29.3,1,5,0,0,3,1,1,1,0
8,33,79.02,605.41,3,3.1,4,1,2,0,0,0,0,1,1
59,67,61.35,3736.97,3,16.4,3,1,3,2,0,1,0,0,0
11,31,49.04,555.4,3,64.9,1,2,3,2,2,0,1,0,0
45,66,55.91,2342.32,5,37.9,2,1,1,0,1,0,0,0,1
15,21,67.7,969.34,2,75.9,3,1,0,0,0,1,1,0,0
70,54,56.56,3736.57,3,63.9,5,5,0,1,0,0,0,0,0
20,67,53.32,971.64,3,41.7,5,1,1,0,2,0,1,1,1
50,18,43.55,1964.15,3,52.6,3,2,0,2,0,1,0,1,0
3,64,56.91,171.1,2,29.6,2,2,0,2,0,0,0,1,1
37,43,43.36,1473.09,3,25.8,1,1,1,0,2,0,1,1,0
37,62,94.47,3293.18,2,27.1,6,6,0,0,0,1,1,1,0
21,79,67.16,1305.4,3,29.5,2,3,1,2,2,1,1,0,0
56,21,86.99,4613.73,5,48.4,1,4,2,2,0,0,1,1,0
13,80,67.31,880.35,1,14.8,4,0,1,0,1,0,0,0,0
38,42,70.57,2624.0,3,37.0,3,5,1,2,2,0,1,1,0
63,19,100.84,6354.26,3,26.4,3,0,0,0,0,0,0,0,0
13,51,63.2,784.79,3,60.2,3,5,0,1,2,0,0,0,0
15,45,122.83,1794.97,3,27.7,2,0,1,1,2,0,1,0,0
2,28,130.77,252.02,2,65.8,5,4,0,0,3,1,1,1,0
18,26,84.05,1481.12,3,19.9,5,2,0,0,3,0,0,1,1
7,38,82.11,545.32,1,44.8,4,1,2,0,3,1,1,0,1
38,44,96.2,3497.55,2,14.3,1,1,0,2,0,0,1,1,0
1,45,86.15,86.93,1,36.0,5,2,1,1,2,0,1,0,1
6,26,44.04,273.74,1,45.4,2,3,3,2,2,1,0,1,0
67,68,40.78,2824.86,3,11.5,1,5,0,1,0,0,1,1,0
6,24,81.81,449.81,2,24.0,1,3,0,0,3,1,0,1,1
43,69,43.74,1754.45,5,17.0,3,1,0,1,2,0,0,1,0
63,38,69.21,4511.66,2,11.8,6,0,3,0,1,1,1,1,0
4,30,49.66,205.66,1,29.5,6,5,0,0,3,1,0,0,1
41,27,50.97,1887.92,3,24.7,2,0,1,2,1,0,0,1,1
30,80,93.85,2540.79,7,17.1,1,6,1,1,1,1,0,0,1
65,46,111.99,7169.07,1,12.0,5,0,2,0,0,1,0,0,0
16,44,71.83,1048.21,2,78.5,5,3,1,1,0,0,0,0,0
53,67,27.79,1486.22,4,27.7,1,3,0,2,1,0,0,0,1
70,70,107.78,7883.2,3,19.4,1,0,1,1,2,1,1,1,1
37,33,69.45,2539.39,2,37.3,3,6,0,0,2,0,0,1,1
67,18,76.45,4707.17,3,24.6,2,3,0,0,3,0,0,0,0
50,29,72.52,3335.55,0,88.0,1,2,3,1,3,0,0,1,0
22,63,47.57,1086.31,0,20.2,5,4,1,0,3,0,0,0,1
68,69,91.31,6511.94,3,16.7,2,3,2,2,2,0,0,0,1
57,62,103.59,5793.49,2,29.6,1,5,1,0,0,1,0,1,0
12,26,59.21,725.29,3,24.2,1,0,0,0,0,1,0,0,1
36,60,67.62,2524.61,2,39.8,4,6,0,0,1,0,0,0,1
2,26,65.02,117.3,5,45.8,2,1,1,2,2,0,0,0,0
8,79,59.02,431.78,3,24.8,3,0,2,1,1,1,1,1,1
12,33,74.6,900.31,1,49.8,6,0,1,1,0,0,1,1,1
70,80,62.77,4343.01,2,37.2,1,1,1,2,0,1,1,1,0
39,42,38.69,1535.44,2,17.6,4,2,0,0,2,1,0,1,0
18,22,64.07,1084.66,1,14.9,6,4,0,0,1,0,0,1,0
51,41,18.53,880.53,2,19.9,2,5,1,0,3,1,1,1,0
48,70,76.61,3704.71,0,24.6,1,3,2,0,0,1,1,0,1
46,79,18.0,793.82,0,42.6,5,0,1,0,1,0,0,1,0
48,35,62.65,2764.65,3,45.4,4,0,0,1,2,0,1,0,1
72,62,59.12,3947.0,1,69.6,2,2,2,0,2,1,0,0,0
8,20,83.78,685.09,1,32.8,6,1,0,1,1,0,1,0,0
47,22,80.26,3940.12,2,25.9,4,3,3,2,1,0,0,0,1
21,28,86.74,1859.35,1,24.3,4,4,4,1,0,1,1,0,0
4,53,92.28,356.85,1,40.1,4,0,1,0,1,0,1,1,1
42,24,81.38,3275.2,2,59.8,2,6,2,0,0,1,1,1,0
56,56,48.47,2463.86,1,37.8,5,6,2,0,0,1,1,1,0
49,48,98.55,4937.36,2,44.6,5,4,0,0,3,1,0,0,0
20,23,78.79,1432.48,1,25.1,6,1,1,0,0,0,1,0,1
57,21,67.83,4024.77,2,39.4,5,4,0,1,2,0,0,0,0
26,62,95.17,2576.07,2,20.8,1,0,2,0,2,1,1,1,1
3,20,36.67,114.0,1,28.0,1,2,2,0,1,0,0,0,1
15,31,58.57,790.8,0,9.6,5,6,0,2,3,0,0,0,1
1,79,48.56,50.17,1,28.8,2,2,2,0,2,1,1,1,1
63,59,46.39,2741.08,2,26.6,6,6,1,1,3,0,1,0,0
17,52,88.05,1411.93,5,8.3,3,4,0,0,2,0,0,0,1
36,70,91.85,3093.87,3,27.6,2,4,1,0,3,0,0,0,1
68,34,84.89,5790.19,2,44.0,6,1,0,0,1,0,0,1,1
13,24,33.23,427.57,2,43.0,2,0,1,2,0,0,0,1,1
18,51,55.63,942.36,0,52.7,6,2,2,0,2,1,0,1,1
64,62,122.98,8201.47,1,15.3,6,0,1,2,0,0,0,0,0
21,62,47.44,1044.09,1,62.1,5,1,1,0,1,0,1,0,0
9,63,45.4,393.65,1,23.5,1,5,0,1,2,0,1,1,0
65,66,56.17,3629.03,4,59.9,3,5,0,2,0,0,1,0,1
50,45,59.01,2662.56,2,18.5,2,5,0,0,0,0,1,1,0
43,29,80.02,3555.64,1,60.3,3,1,2,0,1,1,1,0,0
34,20,25.74,830.71,2,11.6,4,5,2,0,0,1,1,0,0
50,63,65.8,2983.56,1,56.0,6,3,0,2,0,0,0,0,1
71,34,41.76,2888.26,2,31.7,2,0,2,0,2,1,1,1,0
38,49,113.02,3968.87,2,24.1,4,5,1,0,3,0,1,1,0
43,43,29.59,1235.99,1,24.7,3,5,1,2,1,1,0,1,1
67,28,18.0,1176.73,3,71.0,3,6,0,0,1,0,1,0,0
67,65,50.99,3578.36,2,20.0,3,5,0,1,1,0,1,0,0
48,78,51.6,2284.82,3,83.2,4,4,0,0,0,0,0,1,0
6,35,92.53,511.85,1,18.6,4,1,0,0,0,1,1,1,0
48,30,35.61,1587.32,6,40.7,1,5,1,1,1,0,0,1,1
71,56,32.95,2365.78,2,23.8,2,5,0,1,2,1,1,1,0
56,50,90.1,4660.31,4,20.0,1,3,0,0,2,1,1,0,0
2,68,70.14,129.84,2,61.0,5,1,2,2,1,1,0,0,1
54,35,88.23,4945.57,4,41.7,2,5,0,2,3,1,0,1,0
23,73,58.17,1399.1,2,13.6,6,0,1,0,0,1,1,0,0
63,41,67.4,4301.12,2,29.4,2,6,0,0,1,1,0,1,0
40,76,19.74,759.86,3,44.9,1,1,1,0,0,1,1,0,0
46,39,58.44,2517.34,1,16.3,4,6,1,2,1,0,0,0,0
40,53,69.16,2892.82,2,35.1,2,5,1,1,3,0,1,1,0
51,24,54.85,2907.2,2,50.8,6,6,0,0,1,0,0,0,1
60,56,101.06,5640.7,0,115.6,3,1,0,0,3,1,0,0,0
24,63,112.96,2534.68,3,12.5,5,0,1,0,3,1,0,0,1
67,61,65.66,4269.88,2,18.5,1,2,1,2,3,0,0,1,0
63,43,53.77,3261.19,3,34.5,3,6,3,1,2,0,0,1,1
66,72,22.63,1480.56,2,20.4,5,5,1,0,0,1,0,1,0
11,45,84.54,840.57,4,12.1,6,1,1,0,2,1,1,0,1
8,47,80.62,659.51,1,67.9,1,1,2,0,0,0,1,0,1
65,22,47.75,3187.49,4,33.0,5,6,0,1,0,1,1,1,0
72,69,83.49,6282.07,1,10.5,6,5,1,0,3,1,1,1,1
2,42,48.7,95.12,1,25.4,3,4,1,0,1,1,0,1,1
43,46,54.12,2172.98,3,26.4,2,0,0,2,2,1,0,1,1
63,28,60.78,3499.02,3,59.9,4,6,0,0,3,0,0,0,0
42,40,60.05,2601.29,3,59.4,4,1,2,0,0,0,0,1,1
63,49,23.68,1442.76,2,65.7,3,6,1,0,0,1,0,1,0
18,58,86.29,1510.95,2,47.4,4,2,1,0,3,1,1,1,1
62,39,78.82,4609.48,3,29.5,2,2,0,2,1,1,1,0,0
35,78,18.0,619.06,1,46.6,5,5,0,0,0,1,1,1,0
42,52,95.09,3915.22,2,23.1,5,4,0,0,1,0,1,1,1
31,19,54.95,1624.74,3,97.5,3,1,1,0,2,0,1,0,1
37,72,93.46,3120.08,2,35.9,5,0,0,2,3,1,0,1,0
45,61,88.81,3975.03,1,33.6,5,4,0,0,3,0,0,0,1
64,53,97.16,5684.75,3,39.8,2,0,1,1,0,1,1,0,0
65,76,46.01,2780.23,1,37.0,3,6,1,2,1,0,1,1,0
45,64,20.14,926.35,1,73.1,2,0,1,1,1,1,0,0,0
25,75,66.71,1661.07,1,25.9,3,6,3,1,3,1,1,1,0
2,54,86.33,165.35,1,111.9,5,1,0,0,2,1,1,1,1
55,41,111.22,6102.07,2,24.0,1,0,1,0,3,0,1,1,1
55,75,88.01,4793.61,1,29.8,5,2,2,1,3,1,1,0,0
3,49,54.43,170.51,0,11.5,1,4,1,0,2,0,1,1,1
66,21,72.6,4345.67,0,34.5,3,3,0,2,0,0,1,1,0
23,57,88.5,2136.91,2,16.6,1,3,1,0,0,1,0,1,1
24,75,81.93,2013.55,4,28.4,5,0,1,0,1,0,1,0,0
11,28,74.44,771.33,2,35.9,6,5,1,0,1,0,1,1,1
29,67,88.21,2465.27,1,19.3,3,6,1,1,1,0,0,0,1
30,54,18.0,531.28,3,5.7,4,3,0,0,3,1,0,0,0
51,53,76.5,3649.69,2,31.5,6,0,0,2,2,0,0,1,0
69,41,87.26,5722.31,5,27.2,5,0,2,1,0,1,0,1,0
29,25,67.71,1782.53,1,56.9,1,2,3,1,1,0,0,1,1
49,73,85.19,4346.79,2,15.9,3,6,3,0,2,0,0,0,0
45,50,72.42,3390.66,2,45.7,5,3,1,0,0,0,1,1,1
16,26,100.28,1480.41,1,48.1,6,4,1,0,0,1,1,0,0
30,68,72.66,2026.36,3,63.6,2,5,1,0,1,0,0,0,0
11,55,130.07,1358.04,2,82.0,4,3,1,0,0,0,0,0,0
45,60,77.22,3410.19,3,31.3,2,4,1,0,0,0,0,0,0
22,48,18.0,402.65,3,34.2,2,1,1,0,0,0,1,1,1
25,47,79.7,2027.89,4,9.1,1,5,0,1,0,1,0,0,0
26,20,77.15,1841.16,2,40.0,4,0,1,0,3,1,1,1,1
50,56,111.66,5699.75,1,107.2,3,1,0,2,1,0,0,0,0
13,53,79.68,1061.73,1,34.2,5,1,0,0,2,0,1,1,0
46,51,82.61,3716.54,1,39.0,5,0,1,2,3,0,0,1,0
65,29,86.53,5342.46,4,26.4,5,4,0,1,3,1,0,0,0
38,41,58.64,2278.5,2,69.0,2,4,0,2,0,1,1,1,0
10,80,62.69,622.95,1,31.1,3,3,1,1,1,0,0,1,0
2,69,66.07,119.88,0,14.9,4,4,1,2,2,0,1,1,0
43,42,97.06,4061.08,2,18.4,6,1,0,0,0,0,0,0,0
19,44,29.5,506.4,1,13.4,4,1,0,0,3,1,1,1,0
9,80,54.84,504.73,1,75.6,4,0,3,0,2,0,1,1,1
24,35,71.99,1629.39,0,63.3,3,5,0,1,2,1,0,0,0
72,61,44.21,3285.41,2,36.5,1,0,0,1,3,1,1,1,0
21,74,82.15,1745.55,1,34.7,3,0,1,0,3,1,1,1,1
62,24,103.59,5914.55,2,23.3,1,4,0,1,3,0,1,1,1
37,67,89.55,3319.21,1,59.6,1,2,1,1,2,1,0,0,1
46,72,97.83,4677.84,4,23.9,3,3,3,0,1,1,1,0,0
71,73,113.89,7509.73,4,27.8,1,4,1,0,3,1,1,1,0
34,23,60.4,2005.92,2,11.8,1,5,0,1,2,1,1,1,0
7,53,51.9,361.29,1,22.9,3,6,0,1,3,0,1,1,1
11,76,60.31,695.38,2,9.4,4,2,1,0,1,0,1,0,1
43,52,120.18,4745.34,3,40.6,5,4,0,1,1,1,0,0,0
17,42,39.23,622.45,2,46.6,3,1,1,0,2,0,0,1,1
44,68,71.99,3014.39,2,18.7,1,3,0,0,1,1,0,1,1
24,50,73.42,1684.66,4,8.0,5,0,0,1,0,0,1,0,0
58,38,87.28,4803.82,1,42.0,2,3,1,0,3,1,0,1,1
9,37,50.44,462.91,3,17.1,2,5,0,2,0,0,0,1,0
16,42,53.79,856.33,2,26.1,6,5,4,0,3,0,1,0,1
25,27,88.26,2145.56,2,11.4,4,5,0,0,2,0,1,1,0
67,29,58.04,3842.29,4,18.8,4,2,0,2,2,0,1,0,0
19,48,83.53,1451.94,1,151.6,1,1,1,0,1,1,0,0,1
12,68,68.78,769.7,0,20.3,1,2,0,0,3,1,1,0,0
7,28,21.82,156.77,1,27.8,5,4,1,0,2,0,1,1,1
71,42,65.64,4398.02,7,12.6,5,1,0,0,2,0,0,1,1
8,70,44.55,331.27,3,34.0,2,5,0,0,2,1,1,1,1
54,34,75.65,4247.97,2,45.6,2,4,2,2,1,0,1,1,0
57,39,92.46,5317.42,2,34.5,1,2,0,0,3,0,0,0,1
36,39,102.73,3448.8,2,22.4,3,0,0,0,0,0,0,1,1
25,68,18.29,439.94,2,30.2,5,1,1,0,0,0,0,0,1
47,46,62.71,2687.53,2,31.0,6,0,1,0,0,1,0,0,1
2,60,101.6,205.28,2,8.5,4,2,0,0,2,1,1,1,1
48,20,85.85,3741.38,3,31.7,1,1,1,2,2,0,1,1,0
14,26,74.75,1048.43,2,45.1,5,2,0,1,2,1,0,0,0
12,74,86.01,1041.2,2,14.8,1,3,1,1,0,1,0,1,1
38,57,92.98,3183.77,3,31.0,5,3,0,0,0,0,1,0,0
14,26,55.18,704.19,2,10.4,3,4,0,1,2,0,0,1,1
7,76,82.3,581.96,2,5.4,1,3,0,0,1,0,0,1,0
35,22,80.23,2653.77,2,42.4,5,3,0,1,2,0,1,0,0
16,18,102.22,1530.09,6,23.8,1,4,0,0,1,1,1,0,1
